name,category,food,review_num,review,menu-price,star
은화수식당 숭실대점,일식,돈가스,69,"음.. 맛도 좀 아쉬웠고 위생이 매우 아쉬웠습니다. ::카레 적당히 맵고 맛있어요::굿::돈까스, 함박스테끼 맛있어요::진짜 맛있어요 또 가고싶어요 ㅠㅠㅠㅠ 매운 돈까스 ㅠㅠㅠ최공 ㅠㅠㅠ::카레가 맛있고 양이 많아요.::스프 떨어져서 아쉽지만 돈까스는 맛났고 밥추가해도 free여서 좋아요♡::경양식돈까스 위에 소스 뿌려진채로 나오는데 먹는동안 눅눅해지지 않고 바삭했어요! 돈가스 소스도 많이 달거나 느끼하지 않아서 맛있었습니다. 경양식 돈까스 먹고싶으면 여기 오게 될 것 같아요 .?.?::맛있게먹었어요.근데 매장식사할때 청소를 하셔서 먹기 부담스러웠어요..::양이 많고 맛있어요~ 수프도 줘요~

다만 테이블 간격이 별로 없어서 옆테이블이랑 너무 가깝게 느껴져 불편했어요~ 점심시간에는 학생들 많아 웨이팅 생겨요~::고구마무스 꼭 추가해서 드세요??
요기는 고구마무스 추가가 필수입니다??::제 입맛은 아니었지만..가성비 괜찮아요::맛잇어요 함박스테이크 두덩이에요::가성비 좋아요!::방문 횟수는 약 6번 정도 되는데 리뷰는 처음 남겨봅니다! 항상 돈까스와 카레가 맛있어서 돈까스가 먹고 싶을때면 꼭 먹으러와요??::카레 맛있어요!!::굿::굿::좋아요::굿::떡볶이랑 같이 먹어야해요 너무 느끼해요::맛잇고 좋아용::굿::여기 가면 꼭 고구마 무스 추가해서 드세요??
요 고구마 무스가 돈가스랑 완전 잘 어울려요ㅠ.ㅠ
달달하구 부드러운게 바삭한 짭잘한 돈가스랑 만나니 이거야 말루 단짠단짠??::좋아요::맛있어요::식탁이 끈적거립니다::하와이안 돈까스맛있어요::가성비로 왕돈까스 먹기 좋았어요::매콤1
경양식1인세트 1
-2천원 추가하면 카레와 밥이 함께나오는 1인세트 주
문 가능. 가성비가 꽤나 괜찮은 선택
-스프 없어진 것이 좀 아쉽지만 가격 생각하면 이해해야 함ㅜㅜ
-돈까스튀김, 소스 상태 모두 믿고 먹어볼만 함
-하와이갬성 인테리어도 재밌는 요소
-개인적으로는 좋아하는 고두밥의 정도가 호불호가 갈릴듯::그냥 그런맛..
매장이 깔끔하지 못하네요
고구마가 안에도 들어있는줄 알았는데 겉에만 고구마 무스 라 쫌 아쉽네요
반반 치즈는 먹을만 했는데 고구마는 메리트가 읍씀

양도 작은편..::굿굿::굿::맛있습니다ㅎㅎ::맛있어요!::함박먹으러 재방문 하고싶네용::좋아요::굿::굿::좋아요::돈가스는 맛있었지만 사이드는 별로였다.
밥은 설익고 깍두기는 너무 신맛이 났다. 오래된 느낌이었다. 함박스테이크는 맛이 마트에서 파는 레토르트랑 비슷했다. 그리고 반찬그릇이나 식탁에 티끌 묻은 게 많았다.::좋아요::맛집
멋집
좋아요::맛있고 양 많아요::맛있어요::최악이었어요.밥이 설익어서 얘기하니 다시준게 똑같이 설익고 간신히 고기만 집어먹고 나왔어요.-제육덮밥::굿::굿::맛있읍니다^^::굿::맛있고 양도 많아요::돈까스 받자마자 머리카락 두 가닥 발견했어요,, 받자마자 발견한거라 바로 다시 만들어주시긴 했는데 입맛 뚝 ,,,,,,,,,,,,,,,,,,,::굳::가성비가 좋은 것 같아요. 배달 주문했는데 요청 사항도 잘 들어주셨습니다.::좋아요!::맛은 보통
홀서버는 앞치마도 없이 일하고 친절하지 않음
주방은 재료관리 소홀
불편했음. 대충 장사하는 느낌::#돈가스 #굿::아주 좋은것 같습니다!!::굿::양도많고 맛집맛집????
떡볶이는 청년다방 축소판??
#상도동 #차돌떡볶이 #경양돈까스 #숭실대맛집 #숭실대밥집::무난해요!::경양식 먹고파서 왔는데 괜찮았어요 다른메뉴도 먹어보려고요::돈까스 맛집 ㅎㅎ ㅎ",은화정식:11000::치즈돈가스:9500::고구마매콤이돈가스:10500,4.4
메머드익스프레스 숭실대점,"카페,디저트",커피,535,"아아가 조금 밍밍해짐. 예전에는 원두 맛이 강했는데 요즘은 밍밍해요::사람 많은데 빨리빨리 나와서 좋아용~ 많이 파세용??::항상 커피는 여기서 사서 먹어요 ! 학교 앞에 커피집 중에 매머드가 제일 맛있습니당::좋아요::굿::좋아요좋아::학교 근처 카페중에 제일 맛있어요 맨날 여기서 커피사먹습니당::좋아요::좋아요::좋아요::좋아요::좋아요::저렴해요~::좋아요::좋아요::좋아요::굿::좋아요::좋아요::좋아요::굿::달달하니 맛있습니다::맛있어요::맛나게 마시고 먹엇어여::학교앞 자주 가는곳 좋아요 또 갈께요^^::커피맛이 더 진해져서
한결 더 맛있습니다::가성비 갑. 매머드가 있어서 좋아요^^::맛있어요::조아요 ㅎㅎㅎ::꿀커피 딜달::라떼 정말 맛있게 잘 마셨어요::굿::가성비 좋아요~::좋아요::굿::가성비 있고 브랜드 카페보다도 커피가 맛있어요::맛나요~::굿~::가성비가 좋구요, 매장이 깨끗하고,
사장님께서 엄청 친절하십니다::사장님이 엄청 친절하시고 음료도 빠르게 제조해주세요!::좋아요::뭐...평범...이가격이면 옆에 스벅갈듯...::굿::학교갈때마다 가는곳~
가성비 짱::바닐라라떼 넘나 맛있어요 빨리 나와서 좋아요::좋아요::좋아요::좋아요::음료가 저렴해서 부담없이 마시기 좋아요
가격대비 맛도 너무 좋습니다::좋아요::사장님이 완전 친절",아메리카노:1200::콜드브루:1700::카페라떼:2200,4.23
커피온리 숭실대점,"카페,디저트",커피,146,"학교앞 자주가는곳 돟아용::굿::가성비::가격 착하고 맛 괜차나요::굿::커피온리 좋아요~!::가성비좋고
맛있어여~::좋아요::좋아요::싸고 맛있어요::좋아영::좋아요::굿::커피가 저렴해서 좋아요!::커피 너무 맛있게 잘 마셨습니다.::내가 죠아하는 커피숍::가성비 좋아요!::굿::가성비 커피 맛집^^::굿::친절합니다::굿::굿::굿::친절합니다::커피 맛있게 잘 마셨습니다.::거진 매일 가는중ㅎㅎ 아메괜춘~
가성비쩔^^::굿::커피가 맛있고 음료가 다양해요::좋아요::굿::좋아요::최애 커피집::가격에 비해 맛이 괜찮아요::커피 맛있어요::커피 맛있게 잘 마셨어요.::커피 맛집이에요
원두도 나쁘지않음 가성비짱::커피 맛있어요::가성비가 짱::여기 아메리카노만 먹어요ㅠㅜ 너무 맛있어요::참새방앗간가듯 들르는 커피집~~::좋아요::가성비커피집::좋아요::가성비 굿::굿::가성비끝판왕::라지사이즈 양많구 커피맛 좋아요!::싼데 괜춘 원두나쁘지않음~~::굿::자몽티가 맛있어요::가성비최고::커피원두도 나쁘지않음::좋아요::흑당라떼 굿::저녁에 갔는데 사장님이신지 타이 매고 일하시는 모습이 너무 인상깊네요. 음료는 둘다 너무 맛있었어요. 재방문각!!::굿::저렴하고 맛난 아메리카노??",아메리카노:1500::카페라떼:2900::바닐라라떼:3700,4.5
맥도날드 숭실대점,양식,햄버거,1216,"맛있는 맥그리들 먹었어요 단짠 매력있네요::친절하세요~::맥모닝 하루시작::주말 아침은 맥모닝!::좋아요::굿::굿::좋아요::굿::맥카페 드립커피 ♡::맥날 좋아요::굳::프렌치프라이 맛있어서 맥도널드 좋아하는 1인. 빨대는 없앴는데, 플라스틱 뚜껑을 제공한다면 차이가 뭔지 궁금..::좋아요::굿::코로나 끝나서인지..학교앞 저녁시간.. 키오스크로 주문하고 대기하는데도 은근 시간 걸림.::좋아요::이른 아침에 맥모닝 시켰는데 카운터 직원분이 매우 친절하셨습니다.::편한 매장 아이들도 얌전. 부모가 들뜨는 이곳::굿::굿::주차가 아쉽지만 매장 청결하고 좋습니다::만족합니다::굿굿::맥모닝::맥모닝 조아요::엄청 작고 엄청 신 제주 한라봉 칠러::좋아요::맛있어용::굿굿::아이스크림 맛있어용::맥날 오랜만에 먹었습니다! 맛있게 잘 먹었네요^^::캡::굿::버거 세트 버거 콘슬로 아이스커피로 세트 구성하고  어플로 적립한 포인트 쿠폰으로 프렌치프라이 주문  딱 좋아요::살짝 배가 고플때 매번 먹는 감자튀김♥?빨리 나와서 좋아요::좋아요::좋아요::평일 저녁에 들렸는데 직원분 엄청 친절하시네요 ㅎㅎ::좋아요::맛있습니다::굿::좋아요::좋아요::이제 애플파이를 판매하지 않네요. 아쉬워요.::맛있어용::좋아요::굿",빅맥세트:6500::불고기버거세트:4500::맥스파이시상하이버거세트:6500,4.45
BHC치킨 숭실대점,그외,치킨,136,굿::굿::조아요::좋아요::치킨 맛있었어요~^^::뿌링클 맛나요::좋아요::치킨도 맛있고 직원들도 친절해요::치킨은 언제나 맛있죠::매장이 넓고 깨끗해요. 큰 스크린엔 spo tv가 틀어져 있어서 축구경기 있는 날엔 경기 보면서 치킨 먹기에도 좋은 것 같아요!  음료는 캔이나 플라스틱 통째로 나오는 게 아니라 컵에 따라져서 나오는데 얼음이 적게 들어있어서 좋았어요. 갓 나온 치킨과 치즈볼 맛은 말해 뭐해요ㅎㅎ 최고입니다?? 직원분들도 정말 친절하셨어요.::치킨을 맛있게 먹었어요::굿::좋아여::치킨 맛있어용! 매장 자리도 넓어서 좋습니당::기프티콘 받은거 추가금내고 순살로 바꿔먹었어요! 맛있고 직원분들도 친절하세요!::치킨도 맛있고 직원들도 친절해요::치킨 맛있어용! 매장 자리도 넓어서 좋습니당::뿌링클 맛나요::조아요::치킨을 맛있게 먹었어요::기프티콘 썼는데 친절하고 빠르고 서비스 좋아요 양도 많아요::양 좀 늘려주세요.. 순살치킨이 너겟인줄 알았어요::좋아요::굿::매장도 넓고 직원도 친절합니다::좋아요::기름쩐내가 홀 안을 가득~바닥도 미끌거리고 조금 있다보니 적응되었는데 처음엔 힘들었어요. 예전에 방문했을때랑 분위기가 너무 달라져서 많이 아쉽네요 ;::맛있어요::오랜만에 먹고 싶어서 사먹었습니다! 역시 맛있네요 닭이 진짜 커요!::친구들과 즐겁게 치맥하기좋아요::굿::맛있어요::굿::굿::맛있습니다. 기름이 좀 안좋은지 양념이 과하게 됬는지 약간 튀김색이탁합니다.::굿::좋아요::조아조아::굿::맛있있는데 알바생들이 불친절ㅠ::매번 갈때마다 친절!::굿::굿::좋아여::좋아요::아이들이 좋아해서 주문합니다.::좋아요::굿::굿::,뿌링클:18000::맛초킹:18000::치퐁당 후라이드:20000,4.51
현선이네 숭실점,분식,떡볶이,199,"떡볶이가 맛있어요::떡볶이 맛있어요 :)::가격이 비싼데 맛있어요::떡볶이 맛있지만 비싸요::달달매콤 떡볶이예요::좋아요~::빨리 배달되었구요, 가격이 좀 올랐지만 순대와 튀김이 너무 맛있네요~~::맛있어요::맛있어요::굿::기대하고 갔는데 너무 맛있어요 국물이랑 떠먹으니 세상 존맛::오늘도 맛있게 잘 먹었습니다.????::양이 진짜 많고 맛있어요!!! 옛날 떡볶이느낌입니다. 치킨이랑 만두가 많아서 좋았습니다ㅎㅎ::역시나 현선이네 떡볶이 너무 맛있어요역시나 현선이네 떡볶이 너무 맛있어요::냠냠::소울푸드...::메뉴 퀄리티가 다 좋아요 음식도 따뜻해요::맛있어용::라볶이 2인세트 가격대비 양 많고 다야한 종류 들어있어 배부르게 먹었어요::조아영::생각나서 근처 가면 꼭 먹어요~~::맛있어요::맛있어요::굿::거의 백만년 만에 먹는 듯한 떡볶이네용! 베이비세트 포장해가서 먹었는데, 오랜만에 먹어도 맛있어요! 혼자 먹기엔 양이 많아서 남았어요 ㅎㅎ::현선이네 떡볶이만 먹어봤었는데 덮밥류도 진짜 맛있다는걸 이번에 알았읍니다,,, 치킨 양이 많아서 정말 좋았어요. 그리고 라면도 증말 맛있게 끓여주심니다,,,::맛있어요::너무비싸졌어요::너무 비쌈.::굿::떡볶이 맛있어요!::넘마시써여::맛있어요 주차가 힘들어요::굿::직원분들이 친절하고 떡볶이 양이 많아요??::굿::떡뽂이 맛있었어요::ㅈㅇㅇ::빠른 배달 굿입니다::맛나용::좋아요::ㅈㅇㅇ::좋아요 종종 이용합니다::양이적지만 맛있어요::라뽂이 은근 맛있어요 ㅎ::현선이세트 17,000원짜리 먹었는데 양 매우 적은편으로 가성비 떨어지는 것 같아요..ㅠㅠ 이 금액이면 다른 떡볶이집에서 둘이 배 빵빵하게 채우고도 남는 금액인데 남녀 둘이서 먹었는데 매우 부족..... 맛도 사실 특별하지 않아서.. 저는 그냥 먹어본 걸로 만족할 것 같아요. 현선이네 이번에 먹으면서 검색해보니 체인이던데 점바점이 심한 건지 원래 이렇게 양이 적은 건지 모르겠네요. 아무리 요즘 물가가 올랐다고 해도 많이 비교되긴 합니다; 맛은 그냥 다 평범했어요.",현선이 세트(2인):20000::현선이콤보세트(2인):23000::써니세트(2인):16000,4.35
더키친 숭실대점,양식,"피자,파스타",16,좋아요::굿굿::맛있어요::좋아요::좋아요::좋아요::굿::굿::따봉!!!!::굿::빠네는 무슨 물탄 맛 나고 라자냐는 먹을만 하네요 사이다에서는 탄산수맛 납니다 비추비추::좋아요::가성비::굿::가성비,고르곤졸라피자:10000::해물크림파스타:7000::치킨샐러드:5500,4.3
슈니퐁당,"카페,디저트",,119,"다양한 메뉴 맛있어요~^^::집 앞에 있어서 일단 너무너무 행복하고... 자주 먹는데 너무 맛있어요 ㅜㅜ 징짜 오래오래 많이 파세여어.!!!! ♡::애플시나몬 맛있엉ㅗ::일주일도 안지나서 네번?째방문임ㄷ 맛잇음::숭실대주변디저트최고의선택::숭대 근처로 이사 다음날 숭대 근처에서 처음 들린곳인데…. ㄹㅇ존맛그자체임 미쳣다 먹고 눈물흘림::맛있어용::^^::진쨔 너무 맛나요::맛있어요::와플 별로여요::좋아요::와플 맛있어요::완전 맛있어용ㅎㅎ::진짜 메뉴 다양해요...! 약간 비싸지만...::일주일에 한두번은 꼭 퇴근하면서 사먹어요 늦게까지 해서 너무 너무 좋고 사장님 친절하시고 크레페 너무 맛있어요::기다리고 기다렸는데 하도 안 나오길래 “저보다 나중에 온 손님분들 3팀 먼저 가져갔고 저 주문한지 28분 됐어요”하니 주문 번호대로 나가고 있다고 그럴리 없다고 하심 사장님 답변에 황당..?? 대응 하시는 태도가 불쾌했습니다.::친절하시고 항상 푸짐하고 맛있어요! 와플이 바삭촉촉! 지나가는길에 꼭 사먹어요 와플만 사먹었는데 다음엔 크레페 먹으러 갈꺼에용??::좋아요::굿::와플 진짜 맛있어요::지나가는 길에 와플의 유혹을 이기지 못하고 먹었어요ㅋㅋㅋㅋㅋ 역시 오리지널이 최고예요! 다만 꽤 늦게 나오니, 인내가 많이 필요해요 ㅠㅠ::와플맛집입니다.  크레페도 맛나요 ??::생크림 사과잼 시나몬 톡톡 이게 제일 맛있는 것 같아요ㅋㅋㅋ 가끔 요런 와플 땡기는 날 가는 곳, 와플 종류가 100가지는 되는 것 같아요!!::혼자 하셔서 너무 바쁘시네요^^;; 질문해도 대답을 제대로 못해주실 정도. 불친절하신건 아니에요.::정말 맛있습니다. 저는 와플을 포장해서 먹었습니다. 반해버렸습니다 ?::급 와플 땡겨서 오랜만에 와플 먹었어요 ㅎㅎㅎ 사과쨈, 딸기쨈 2개 다 꿀맛..?? 공간이 협소하니 반드시 주문하고 나가서 먹어야해용::너무 맛있어요 !!::ㅈㅇㅇ::가격이 저렴하진 않네요::와우 크렘브륄레 크레이프 너무맛있어요! 일부러 찾아온 보람이 있네요::가성비 좋은 디저트! 맛나요::프라페 굿::상큼한류가 더 있으면 좋겠음 바삭한 와플 크림 양 선택 가능해서 좋음 무난하게 맛있음 울동네에 와플집 없는데 여기라도 있어서 다행임::여기와플은 항상 겉바속촉이고 생크림도 넘 맛있어요!::실타래빙수 이거 한번 먹고 난 이후로 빙수는 여기것만 먹어요 진짜 빙수찐맛집인듯::솔직히 비싼거 알고있는데, 여태까지 와플집 하나라 갔습니다. 엄청 많이 갔는데 앞으로 다시 갈지 모르겠어서 리뷰 남겨요. 무조건 급하다고 하세요. 계산도 줄서서 할만큼 대기손님 많은데 영화보러가야하니 빨리 내놓으라는 사람 젤 먼저 주네요 ^^ 손님많은데 빨리 달라는 사람도 이해안가고 응해주는 가게도 이해안가고 ㅎ  음식에 머리카락 나와도 안좋은 리뷰는 안쓰는데 넘 어이없어서 작성하네요. 무조건 급하니 빨리 달라고 하세요.::정말 오래걸리지만 맛있어요 근데 와플나오는거 진짜진짜 오래 걸리니까 여유있을때가새요::굿::크레페 맛있어요:)::만드시는 속도가 너무너무 느려요 조금 더 빨리 만들어주시면 좋을 것 같아요 ㅠㅠ::맛있어요!::제품 대비 가격이 좀 비싼 것 같아요 가격이 좀 더 저렴하면 좋겠어요::다신 안 갑니다. ""오래걸리니 기다리셔야 되요"" , ""파르페 시켰을때는 미리 말씀하셔야 되요"" 는 어떻게 생각해도 이해가 안 갑니다. 둘다 일단 명령조였어요. 첫번째말은 30분이나 걸리면 ""30분 정도 걸리는데 괜찮으신가요?"" 라고 말씀해주셨으면 흔쾌히 괜찮다고 했을 겁니다. 두번째말은 제가 뭘 말씀드려야 하는 걸까요? 키오스크로 결제할 때 ""파르페의 경우 키오스크로 결제 전에 말씀해주셔야 합니다"" 라고 적혀있었던것도 아니었습니다. 여기 여러번 왔는데 선풍기 꺼달라는 등의 뭔가를 시키는 것, 마스크 안 끼시는것, 직원들끼리 손님 뒷담화 하는 것 당황스러웠습니다만, 오늘에서야 오지 말아야 할 가게라는걸 깨달았네요. 맛있었어요. 사진은 일부러 저렇게 찍은게 아니라, 사고 5분만에 집에 와서 찍은 사진입니다.::주방에 계신 분들이 마스크를 안쓰심::정성 가득한 즉석 와플과 크레페::마싯어요::굿::좋아요::맛있어요 친절하지는 않지만 포장이니 상관없었어요::맛있어요 자꾸 생각나요::굿::크림브뤨레는 배달만 되는건 아쉬워요ㅠ::맛남::굿::맛있는 와플~",생크림생딸기바나나크레페:6800::생딸기생크림와플:5300::우유생크림와플:3600,4.42
신룽푸마라탕 숭실대점,그외,마라탕,247,"맛있어요::마라탕 너무 맛있었어요! 재료도 넘 신선해서 좋았습니당::마라 맛이 다른 곳에 비해 강한편!::좋아요!::좋아요::good::맛있게 먹었어요::굿::음식이 맛있어요::우와 진짜 맛있고 가성비 짱::맛있고 양도 많아요!::좋아요::굿::제 인생 첫 마라탕!!! 최고예요~~~!!!::good::맛있어요::맛있어요::맛있어요::맛있어요::마라탕 여기에서밖에 안먹어요 너무 맛있어요!!::마라탕 먹고 싶어서 갔는데 너무 맛있어용 단호박이 없어서 조금 아쉬웠지만 괜찮았어요 너무 많이 끓이셨는지 떡이랑 분모자가 너무 퍼져서 나왔어요.. 그래도 맛있게 잘 먹었습니다::맛있어요::맛있어요::맛있어요::good::good::좋아요::맛있어요::맛이 좋아요::쏘쏘,,이주변에 마라탕 맛집이 잘 없어요::맛있어요::맛있어요::2단계만 해도 다른데 2단계보다 얼얼하고 매워요!! 그리고 매장이 뭐랄까 ….좀 삭막해요 … ㅜ::맛있어요::맛있어요::친절해요::굿::다른 마라탕은 중국 당면이 퍼져서 나오는데 여긴 완전 쫄깃 맛있어용::좋아요::좋아요::마쉬써요::맛있어요::학교앞이라 가보게 됐는데 맛있게 먹고왔어요::점심시간 사람 짱 많아짐ㅠㅠ 나만 알고 싶은 곳::굿::직원 마스크를 안 쓰고 친철하지 않아요. 분명히 포장해달라고 했는데 안 하고 주방 아주마가 “7천원 어디 포장해요?“라고 했어요. 그런 말이 돼요????? 메뉴 7천원 포장 안 되면 미리 이야기해야 할 것이 아니까요. 직원 태도때문에 못 먹고 나온 음식을 그냥 계산하고 가서 사진이 없어요.::퇴식구에 갖다 놓을 때 인사를 꼭 해주세요! 친절하고 음식은 맛있어요:)::마라샹궈가 맛있어요!::10원 단위 자릿수는 빼주는 넘 좋은 마라탕 집.. 맛있어요::굿굿 맛있어요::맛있어요!!::맛있어요::꿔바로우 여기만큼 맛있는 곳 엄씀 마라탕은 당근::존맛탱::너무 맛있어요..::굿::내일도 갈게요 JMT 그 잡채",마라탕(100g):1800::꿔바로우:16000,4.37
디디치킨 숭실대점,그외,치킨,5,굿::굿::맛있어요::굿::굿,황금버터크런키치킨:18000::청양마요치킨:18000::매직버터치킨:18000,4.31
카페봄봄 숭실대점,"카페,디저트",커피,86,??::굿::커피 맛있음::가볍게 테이크아웃해서 커피 한잔하기 좋습니다 :)::맛있어요::여자사장님 친절하세용::괜찮아요::자주 먹는데 봄봄 토피넛은 원래 헤이즐넛맛이 나나요? 궁금::좋아요.::가성비 좋아서 지나가다 종종 테이크아웃해요 카피맛도 괜찮아요::굿::굿::굿::굿::친절합니다::친절합니다::헤이즐넛 아메리카노 맛있어요::가성비 구뜨::음료 맛나요::저렴하고 양많고 최고::조용하고 아늑허고 넓어서 좋아요::가성비 짱이죠. 맛도 떨어지지 않아요!!::굿::굿::숭실대 봄봄 좋아요♡::굿::굿::맛남::강추합니다::굿::굿::친절합니다::숭실대 근처 가성비 카페 테이크 아웃 전문점::가성비가 좋아요::가성비가 좋아요::조아::봄봄 단호박식혜 맛있어요 ㅠ????::가성비 좋아요!::단호박식혜 가성비 좋고 맛 괜찮아요::좋아요::좋아요::가성비 좋아요::좋아요::굿::커피맛과 친절해서 촣아요~^^::맛있어요::좋아요 가깝고::굿::가격착하고 맛있어요::친절사고 커피맛도 굿::가격도 저렴하고 친절하고 좋아요~~ 내년 어린이날 선물이라며 주셨는데 아이가 맛있게 잘먹었어요~~ 감사합니다^^::커피 맛있는데 넘 싸요~~::맛나다::굿::굿::좋아요::좋아요::좋아요::좋아요::싸요::친절해요::헤이즐넛 아메리카노 너무 맛나요!!::가성비최고 맛도 최고요::굿::좋아요::굿::좋아요::^^::맛있어요,아메리카노:1300::카페라떼:2800::더치 아메리카노:3300,4.6
쥬씨 숭실대점,그외,과일주스,169,"초바초코칩 젤 맛있어영::음료 맛있어요::굿::굿::굿::키오스크 두 대 있어서 주문하기 편하고 사장님 친절하세요 ㅎ::넘 맛있어요-! 저렴하고 넘 좋아요::굿::굿굿::좋습니다::쥬씨짱::키위바나나생과일 너무 맛있었습니다::저렴하고 맛있어요::좋아요::좋아요::좋아요::맛있어요~::굿::커피 맛있어요!!!::가성비 좋아요!!::쥬씨는 적어도 1개월에 1번씩은 가줘야 하는데, 지난 달에 못갔더니 약간의 금단현상이ㅋㅋㅋㅋㅋㅋ 여전히 바나나는 꿀맛이에요!::좋아요::굿굿 좋아용!::항상감사합니다::최애커피^^::쥬씨 바닐라라떼 넘 맛있어요! 일반 카페보다 맛있네요::좋습니다::구우웃::저렴한데 맛은 퀄리티 안떨어져요::최애브랜드::굿::굿::굿::편해요::맛있어요::아이스 바닐라 라떼 넘맛있어요::굿::블루베리바나나 맛있어요::좋아요::참새가 방앗간을 지나칠리가 없죵ㅎㅎ 적어도 월1회는 쥬씨에서 바나나쥬스를 먹어야 힘이 나네용 바나나 XL 최고예용::친절하고 좋아요::맛있어요::최애매장::굿::굿::굿::굿::가성비갑 최애브랜드::??::넘나 맛있어요!::오늘도 최애 바나나쥬스 XL 사먹으러 쥬씨 방문했습니다! 사장님 늘 친절하고 가성비도 최고예용::영수증 인증이 잘 안 되네요. 사장님 친절하고 좋아요::맛있어요::맛나게 잘 먹었습니다::쥬씨 가성비 정말 최고예요! 갈때마다 사장님께서 친절하게 응대해주셔서 감사합니다~::가성비가 좋아요!! 양도 늘 넉넉하게 주셔서 더 만족스러워요!!!!::친절해요",사과쥬스(M):1500::키위쥬스(M):1500::토마토쥬스(M):1500,4.53
밀알식당,한식,,29,"역시 학교앞 식당. 가성비 끝판왕! 양도 많고 가격도 착합니다.::굿::굿::굿::항상 잘 먹고 있습니다::굿::김치순두부~ 양 많아요!::좋아요::항상 맛있게 잘 먹고 있습니다::가성비 좋아서 종종 식사하러 가는데, 이 날은 소고기볶음밥 주문했는데 소금이 많이 들어간건지 짰어요ㅜ 다음엔 괜찮기를::가성비 대비 한끼 식사하기 좋아요~::가격이 착해서 방문했어요. 나름 소소. 혼자 운영하셔서 메뉴가 좀 늦게 나오긴하는데 5처넌 주고 먹을만은 하네요::부대찌개 맛있어요~::굿::??::참치비빔밥 최고 최고::쏘쏘::가성비 갑::굿::좋아요::좋아요::맛있어요::가성비굿 소고기볶음밥/김치찌개 추천::가성비 갑 김치찌개/소고기 볶음밥 맛집::좋아요!::굿굿::좋아요::한결같은 맛ㅎ 푸짐한 양!::가성비 최고",북어국:6000::육개장:6000::김치순두부:6000,4.19
내가찜한닭 숭실대점,한식,찜닭,143,"직원분 핸드폰 너무 많이 봐서
음료 주문한 것도 안주시네요..ㅎ::굿::로제 찜닭 맛있는데 살짝 싱거웠어요. 생각보다 면이 많고 개인적인 생각으로 밥이랑 먹으려면 좀더 맵거나 짠 찜닭을 선택하는게 나을거 같아요.::찜닭 주문했는데 그냥 먹기엔 약간 짜서 공기밥 추가하고 맛있게 먹었습니다~~ 친구가 좋아해요!!! 재미있는 추억 또 하나 만들엇습니당::양념 진짜 너어어어무 맛있어요 싹싹 다먹음 최곤::순살로 주문했는데 양도 많고 맛있어요.::친절하세요!::숭실대 정보과학관 아래 찜닭집 청결하고 맛있음::잘먹엇어요::좋아요::로제찜닭 하... 말모야 단골메뉴에요. 꼭 드셈::여럿이 모임하기에 좋아요::친절해요::맛있어요::친절합니다::주말에도 늦게까지 영업해서 좋고, 찜닭도 맛있어용::로제찜닭 맛있어용::로제찜닭에 파스타 추가!::로제 맛있는데 너무 달았어요;
그리고 예전에는 괜찮았는데 직원분들 너무 불친절하세요.. 제가 뭐 나올때마다 감사합니다 한 4번은 한거 같은데 한번을 대꾸를 안 해주시더라고요.. 그리고 수저 교환 하실때 말씀 좀 하고 넣어주세요. 먹다가 당황스러웠어요 친구랑 항상 가던 단골집인데 조금 변한거 같아서 속상하네요::굳::아주 만족!!!!::굿::굿::뼈없는 안동찜닭
은근히 매콤하면서도 달달한 맛이 매력적이예요
양도 넉넉해서 3명이 먹어도 모자르지않았어요::맛있게 잘 먹었어요 살짝 짠 감도 있었지만 밥에 비벼먹으니 괜찮았어요
감자가 좀 더 많음 좋겠네요^^::맛있어요::순살안동찜닭 대 사이즈 치즈추가로 시켜서 여자4,남자1 적당히 배부르게 먹었어요~ 맛있어요!::점심시간에는 학생들이 많더라구요. 치즈추가해서 먹었더니 너무 맛있었어요!::친구들과 든든하게 먹을 수 있어요::굿::굿::굿::찜닭좋아요!!::로제에 치즈 추가하면 극락!::굿::맛있어요::맛있어::굿::굿",순살안동찜닭(소):23000,4.56
손칼국수,한식,칼국수,130,"15년만에 갔어요
근처 갈일이 생겨서 검색해보니 여전히 장사하시더라구요!
여기 즉석떡볶이랑 저 하얀 무
15년동안 계속계속 생각났는데 멀어서 가지는 못하다가 드디어 다시 먹었네요
여전한 맛이라 더 감동
볶음밥까지 먹어야하는데 혼자라 배불러서 시키지는 못했네요
칼국수도 맛있지만 즉석떡볶이 꼭 잡솨보세융ㅎㅎ::굿::학교근처 가성비맛집입니다 매장이 좀 더 청결하면 좋겠지만 또 그만의 매력이있어요::맛있어요 숭실대근처 돌솥맛지::간단히 먹을만해요::좋아요::가성비있고 떡볶이에 칼국수사리 넣으면 맛있어요!
참깨랑 양배추 들어가서 맛이 더 특색있어용::맛있게 먹었네요::간만에
갔더니 학생들이 바글바글해요.
복층에서 먹었어요::가성비 짱인집이구요
어떤걸 먹어도 다 만족합니다::미리 주문하면 음식을 준비해주셔서 좋아요.
부대찌개도 맛네요.
다만 김치에 뉴슈가맛이 . .많이나요.
빼셔도 좋을듯합니다::황금같은 점심시간.
미리 전화주문하면 준비해주셔서
일찍먹고
햇볕쬐면서
숭실대캠퍼스로 걷고
여유를 즐기면서
오후 근무 준비한답니다.::처음가봤는데 사람도 많고 사장님도 친절하세요!::간만에 김치찌게 먹고왔어요.
파래무침 맛있네요~::처음으로 방문한 집인데 칼국수 저렴하고 맛있다고 해서 방문했어요. 국물이 맑은 육수이고 양도 많아 잘 먹었어요. 사장님도 친절하세요~~::굿::진짜.. 떡볶이 너무 맛있어서 ㅎㅎ 저는 신당동 안가요.::굿::오랜만에 들렀는데 김치찌개가 맛있었어요 .
라면먹는 샘에게 밥써비스도 챙겨주시드라구요.먹진 못했지만.
인심도 후하시고 친절해요~::즉석 떡볶이 맛집이네요 다닌지 10년조금 넘었는데
변함없이 맛있어요 돈까스도 꼭같이 드셔보세요~::굿굿굿::정이 넘치는 동네 맛집이예요
메뉴 뭐든 맛있고 특히 여러종류 반찬이 하나하나 다 맛나요::치킨무랑 즉석떡볶이 조합이 맛있어요ㅎㅎ::맛은 있지만 오른 가격에 비해 떡볶이 재료 넘 부실해여ㅠㅠ::오전근무후 혼밥했습니다.
추워서 간만에가서
또. .
김치찌개 먹었어요.
사장님 말씀이
""메뉴가 50여가지인데 왜 김치찌개만
먹나요.""
하고 얼마전 질문 하시드라구요.
돌아서면
김치찌개가 생각나서
다른메뉴가 눈에 안들어오네요~
오늘은 귤도 서비스 주시구
감사해요.::음...동일 메뉴 고르시는거 추천입니다::나를 위한 점심 한상차림.
워킹맘의 고충을 달래주는 한상차림.
점심은 차려준밥상으로 해결::동네 친구가 숭실대 근처에 오래된 맛집이 있다고 해서 찾아갔는데 손칼국수 집이지만 즉석 떡볶이로 유명한 곳이더라고요~! ?? 일 끝나고 가니 1층은 만석이라 2층으로 올라갔는데 마치 다락방에 온 것 같은 느낌이 ㅎㅎ 즉석 떡볶이 면은 칼국수, 라면, 쫄면 중에 고를 수 있었고, 국물이 졸아들고 나니 더욱 맛있더라고요~ 떡은 가래떡을 두툼하게 어슷썰기한 것 같은 느낌이었어요~ 어묵도 맛있었고, 마치 치킨무 같은 무절임이 시원하니 맛났고요, 무엇보다 저는 볶음밥을 좋아해서 주문했는데 완전 꿀맛이었어요! 친구랑 맛있게 잘 먹어서 다음엔 가족들과 와서 다른 메뉴도 먹어보고 싶어요~ 옆 테이블 보니 반찬도 집밥 스타일이고 다 맛있어 보이더라고요~^^ 가격도 저렴하니 가성비가 좋아서 정말 좋았어요~^^?????::칼국수 맛있어요~~~::즉떡 맛있어요::푸짐한 한상차림.
맛있게 먹는 점심한끼::밑반찬도 맛있고 양도많아요
항상 집 밥 먹는거 같아요::6천원에 맛있는 점심
한끼~::오늘은 된찌~
가격대비 저렴해서 좋아요::삼성 3총사와 김치찌개.
가격대비 맛있어요::좋아요::맛집이에요!!
청결하진 않지만 꿀맛입니다!!::맛있어서 자주갑니다::즉떡 너무너무 맛있고, 치킨무 스타일 반찬도 완전 새콤하고 별미에요!??",칼국수:6500,4.27
케이크팝,"카페,디저트",,238,"금요일 점심시간대에 가니 사람 별로 없어서 좋았어요~ 흑임자 마들렌, 까눌레도 특이하고 굿, 블루베리라떼랑 마들렌 같이 먹으니 크림 때문에 달긴했지망 각각은 맛있었어요!::케이크팝이 있어서 을마나 다행인지 몰라,,::친절하시고 음료도 맛있어요 ??::숭실대앞에 있는 카페! 분위기 좋아요 햇살 맛집::맛있어요~~~::뷰가 좋고 커피 맛도 좋은데 날파리가 좀 있네요 ㅠㅠ 노트북 하면서 오래 머물기 좋은 카페입니다 숭실대 근처 가장 큰 카페!::커피 가격이 내렸어요! 3900원!! 휘낭시에나 까눌레는 여전히 맛있는데 마들렌은 새냉장고에 보관해서 그런가ㅜㅜ 빵에서 그 특유의 냉장냄새가 나요ㅠㅠ::비지엠 안 시끄러워서 좋아요 대화하거나 집중하기 넘 좋습니다::물가가 마니 오르긴했네요 6800 원 입니다. 케익이 넘어진건 제 실숩니다::부모님 결혼기념일이라 케이크 미리 예약해서 먹었는데 생크림도 전혀 느끼하지않고 케이크시트도 너무너무 맛있었어요ㅠㅠ과일도 상큼달달해서 잘어울렸어요?????♀??? 다음 기념일때도 케이크팝 케이크 주문할게요..????::햇살 좋아여::맛있어요~~~ ㅎㅎ::좋아요::예쁜케잌이 있어요::케이크와 빵 종류가 많아서 다 맛있을까 걱정했는데 진짜 하나같이 다 맛있어요!!::디저트 짱짱맛~~::헤이즐넛라떼랑 바닐라라떼랑 맛도 비슷하고 디저트류 몇일 된것처럼 맛없음... 절반이상 남김::초코 땡길때 제발 여기서 초코포르쉐 드셔보세요,,, ㄹㅇ 당충전하고 천국 갔다옴,,,,, <<초코처돌이 여기에 잠들다..??>>::방학이라 그런지.,..청소상태가ㅜㅜ안좋네요..::매장도 넓고 쾌적합니다.  오후에 가서 햇빛이 너무 밝아서 눈이 부셨지만 그만큼 사진도 잘 나왔어용~~::일단 매장이 넓은 편이고 대화하기 좋았어요! 디저트랑 음료도 맛있었습니다!::저녁에 방문했는데 사람이 별로 없었어요::넓고 조용하고 좋아요:) ㅎ::굿::사람들과 오기 예뻐요. 숭실대 근처 핫플!!::디저트 넘 맛있고, 대화 나누기 너무 너무 좋습니다!::골목 뒤쪽에서 들어오는 길을 못 찾아 헤맸지만..들어와 보니 2층 공간도 밝고 넓고 깨끗한 분위기. 케이크랑 쿠키 마들렌 피낭시에 다 맛나 보이던.ㅎ 조용히 시간 보내기에 좋네요::빼빼로데이 빼빼로 너무 귀엽고 생각보다 크고 맛있어요! 막대에 견과류도 많고 다른데서 못먹어본 맛이에요! 케이크팝 쵝오!까눌레 너무 맛있어용♡::커피는 평범한데 매장이 크고 조용해서 좋았어요::친구들이랑 대화하러오거나 잠깐 노트북으로 과제해야할 때 항상 여기만 찾게 되어요! 넓고, 커피가 진짜 맛있고, 디저트들도 고급스럽고 찐찐인 맛이라 너무 맛있어서 좋아요 ㅠㅠ 매장이 항상 청결하고 음악도 좋고 시끄럽지 않고 직원분들도 친절하세요! 굿굿굿굿굿::학교 앞인데 디저트가 다양하고 이뻐서 자주 올 것 같아요::다양한 디저트와 음료로 계속오고 싶어요ㅎ::숭실대 앞에 카공하기 좋은 카페!  화장실도 깨끗하고 디저트 종류도 많고, 음료도 다양합니다!::케이크 종류도 많고 맛있ㅓ요~ 카공하기도 좋아요::너무너무너무너무나도 좋아요 구움과자들도 많아서 행복해요::두번째 방문이에요 너무 맛잇어서 또 왓어요::마딨어오::학교 앞에 있어 자주 들리는 카페입니다?? 음료가 맛있고 디저트가 특색있어요! 할로윈 디저트가 새로 나왔는데 넘 귀여워요 맛이 궁금합니다!::까눌레 맛집이라고 해서 방문했어요~ 조용하고 이뻐서 공부하기에도 좋을것같아요!::장소도 깔끔하니 넓고 디져트가 너무 예쁘고 맛도 좋네요~~::까눌레가 정말 맛있어요::디저트 종류가 많고 맛있어요! 매장도 넓고 이뻐요ㅎㅎ::맛있어요 매장도 엄청 넓어요!::마싯서염",초코 포르쉐:7200,4.57
지지고 숭실대점,한식,,180,"????::양이 너무 많아요ㅠㅠ 맛있어요♡♡::감사합니다::지지고  10년전부터 노량진에서 먹었는데  없어져서 숭실대 갔는데 맛있긴함!! 볶음밥이 조금 녹진하긴 했는데 맛있었음!! 엄청 매운데 추억의 맛임!!::간만에 먹으니까 맛있네용 역시 본점인 이유가 있어여::철판으로 볶아서 맛있어여 가성비 굿::위생이 살짝 걱정됨::굿::음식은 맛있는데 사장님이 불친절 하세요::남자 사장님이 친적하셔요 맛나고::음식이 맛있고, 친절해요::사장님이 알바생이 일을 잘못하긴 했지만 글 너무 야단치며 말하는 걸 손님 입장에서 듣기에 거북했어요 알바생이 울지 않고 잘참고 일하는게 부모입장이라 그런지 안쓰럽기까지 하네요::간만에 맛있게 ^^::굿::입맛없을때 먹으면 입맛을 살아나게해요::오랜만에 먹었는데 넘나 추억의 맛 ㅠㅠ::맛나요::추억의 지지고??::굿::주문 들어가면 만들기 시작하셔서 좀 늦게 나와요::굿 굿::조아요::맛있어요. 양배추도 골고루이고::굿::맛있고 좋은 밥집...짱!::가성비굳::혼맛 좋아::맛있어요.오징어랑 양배추양은 복불복.::ㄱㆍㅅ::학창시절의 추억의 맛::포장하는데 조금 오래 기다려야 했지만ㅠ 그래도 추억의 맛이라서 좋았습니다!::야채나오징어는 적은데 지지고는 역시 맛있음::지난보다 양을 많이 주셨네요. 밥도 양배추도 오징어도. 배부르게 먹었어요. 입맛 없을때 먹으면 굿. 매운맛은 끝이 매우면서 잘못하면 사래걸릴것 같은 맛으로 불닭보다 많이 안 매워요.::언제 먹어도 맛있어요!::양이 정말 많네요ㅎㅎ 매운맛이 생각보다 강하네요,,, 다 먹고 콜라드링킹::good~!::굿::누들면도 라이스도 맛있어요!!::음식이 맛있고, 친절하세요::맛있어요::굿::맛있어요::매장에서 먹을 자리는 없고 포장해와서 혼밥하기 좋아요~::좋아요::굳::오랜만에 시켰는데, 해물도 거의 없고 밥이 너무 말라서 왔어요ㅠ::맵찔이들을 위한 소스 한두방울 옵션도 추가해주세요::맛있어요::감사합니다::맛있어요! 자꾸자꾸 생각나는 맛이에요:)::맛있어요::추억의 맛 지지고 여전히 맛있어요::사람이 많아서 기다려야하니 밀 주문 하세용~::진짜 오래걸리는데 싸고맛있아요::지지고 맛있어요!::맛있어요::굿::누들누들 완전 맛나요::맛있어요",누들:4500::라이스:4500,4.54
치킨시대 숭실대점,그외,치킨,22,조아요::좋아요::굿::좋아요::이링ㅇ에ㅔㅔㅣㅣㅣㅣㅣㅐㅐ::굿::좋아요::굿::굿::좋아요::좋아요::굿::좋아요::네::모::굿::좋아요::굿::맛있음::여기 너겟 엄청 크고 배불러요 맛나용 꼭 드셔보셔용::불닭치킨 매워요 ㅜㅜ 저는 못먹겠는데 신랑은 맛있대요 약간 술맛도 나다가 확 매워져요::양도 좋고 맛도 이정도면 싼값에 보통인데 튀김옷이 좀 오래튀긴것같음,크리스피치킨:13000::양념치킨:14000::간장치킨:14500,4.35
연래춘,중식,,51,"숭실대 근처에서 가장 가성비 좋고 배부른 집입니다. 짜장면은 다 거기서 거기잖아요 ㅎ 학생들 더 많이 옴 좋겠네요::맛있지는 않아. 맛 없지도 않아. 그냥 보통의 중식당.::굿::굿::아이들과 맛있게 잘 먹었어요::굿굿::굿::굿굿::좋아요::좋아융::굿::굳::맛있어요::저렴하고 맛있어요! 탕슉고기도 비계없이 고기도 실하고 좋아요~직원분 친절하세요. 다만, 에어컨 가동중인데도 많이 더워서 아쉬워요.::굿::가성비 끝판왕::너무너무 맛있어요!!!!::맛나요::솔직히 탕수육은 여기가 갑입니다~ 달달하고 안딱딱해서 추천!::대학가맛집답게 가격도 정말 싸고 맛도 좋습니다. 삼선짬뽕을 시켰는데 보통 다른 가게 삼선은 1만원이 훌쩍넘는데 그에 비해 재료도 많이 들어가고 강추입니다. ㅎㅎ 대구살이 튼실하네요 ㅎㅎ 학생들 배고픈 배를 채워주는 고마운 가게네요~::잘먹고갑니다::ㅈㅇㅇ::굿::좋아요::가성비뿐아니라 맛있어요::멀리서 찾아간 보람있는 맛집 특히 음식이 뜨거워서 맛이 더 업::아마 이곳에서 30년?::세트메뉴 구성이 좋은 편입니다. 가성비 굿. 탕수육 단독으로 시켰고 14,000원입니다. 바삭한 느낌은 아니지만 부들부들하고 깔끔해요.::굿::굿::2021년 올해의 들어서 가본 중식당 중에 가장 마음에 들었습니다 가장 중요한 건 사장님의 친절한 마인드와 깔끔한 음식 그리고 가성비 나무랄 데가 없었습니다 자주 들르고 싶습니다 사장님 번창하세요 항상 친절하게 손님들을 맞이해주시는 모습에 감동,,,,저기요입니다::좋아요::괜찮아요::다소 아쉽습니다..::가볍게 싸게 먹을수 있는곳::싼 가격에 맛있어요::그저그래요ㅋ::굿::조아요::좋아요::별 반개도 아까울 정도로 저질 짬뽕. 물론 한그릇 4500원에 공깃밥을 서비스로 제공해주는 가성비를 생각한다면 장점이겠지만 분명 나름 자부심과 양심을 걸고 요리하신거라 믿어 의심치 않으나 짬뽕건더기의 홍합과 오징어의 식감을 맛본다면 탄력없이 몇일동안 푹 재워서 그냥 면발그릇에 데워서 올린듯한 풍미에 깔끔하거나 개운한 맛을 느끼기가 어려웠다. 왠만하면 댓글리뷰를 5글자 안 남기지만 오죽했으면 이런 장문의 리뷰를 남겼을지 알아서들 판단해주시길 바란다. 연래춘이란 업소는 숭실대정문 오랜 전통이 있는 중국집인데 주인과 주방장이 바뀌신건지 아님 재료비부담 때문인지 참으로 매우 아쉬운 짬뽕이었다. 물론 이 시국에 손님이 홀에 없는 것이 이해할 수 있으나 7시35분에 방문한 손님들에게 홀마감사유로 돌려보낸 서비스 ㅠ::맛있음 ㅎ::굿::맛있어요::가격은 저렴하지만 맛이..::별루예요::굿::자장면 시키면 개인당 군만두 2개 ㅎㅎ",짜장면:4000::짬뽕:5000::간짜장:6000,4.21
청년다방 숭실대점,분식,떡볶이,163,"기본맛으로 시켰는데 달달하니 맛있었어요::좋아요::떡볶이 쫄깃쫄깃 맛있어요::막창이뿔었어요::굿::맛있어요::치즈폭포순살과 핫버터옥수수튀김 먹었어요. 예전에 있던 ㅁㆍㅣ뉴 중에::굿::맛있었어요::맛있었습니다::맛있어요::딸이 요맛을 좋아해 주문했는데 저랑 둘이 먹긴 너무많더라구여 ㅎㅎ 그래도 남은거 비닐이지만 사장님이 친절하게 설명해주시고 담아주셔서 저녁까지 해결했어요::굿::굿::친절하시고 맛있어요~ 메뉴도 다양해졌네요~^^::엠즤라서 차세대 떡볶쓰~,~ 양은 좀 적었지만 재료 하나하나 다 맛있었다?? 학기중에는 줄서는데 오늘은 노룩입장함ㅋㅎ 사람없을때 야무지게가주기~~~!!::오랜만에 먹어도 맛있어요~::좋아요::달달하고 맵고 좋아요 ㅋㅋ사람들이 많이오는 이유가잇네요::냠냠 맛있당::맛나게 먹었어요 둘이서 배부르게 먹었ㅇㆍ요::음식이 맛있어요.::굳굳::굿::굿::매장이 좁지만.. 남자 직원분 친절하시고 열심히 신경써주시는 게 좋았어요:)::언제나 맛있어욥::굿::맛은 있는데, 다른 지점에 비해 오징어 양이 적어요::굳::맛있어요~^^::차돌떡볶이 진짜 맛있어요::굿::직원분들은 좀 불친절했어요 ㅠ::좋아요~^^::비조리포장 좋아요! 차돌 떡볶이는 파채주가필수::오징어 맛있어요ㅎㅎ  단맛을 조금만 줄이면 좋겠어용~::굿::지금도 맛있는데 덜 달면 더 맛있을거 같아요!::좋아요::맛있어요::맛있어요 사장님 친절하십니다::조아요::굳굳::굿::굿::굿::굿::맛있고 예뻐요.::좋아요::좋아요::좋아요::새로나온 피자로니 너무 맛있어요,,,::차돌떡볶이 맛있어요ㅎㅎ",감자돌이떡볶이:17500::마라이징떡볶이:21500::반반떡볶이:19500,4.49
청운음식점,한식,,41,"사장님부부도 너무 친절하시고, 고기도 일품맛 입니다, 야채랑 같이 먹어서 술술 들어가고, 쭈꾸미 볶음 강추 합니다::굿::맛있고 가성비가 좋아요~~!::혼자만 알고싶지만 ㅎㅎ 사장님이 넘넘 친절하셔서 남깁니다 언제먹어도 맛있는 고기 이 가격에 이 고급진맛이라니 ㅠ ㅠ  오늘도 잘먹고갑니다 번창하세요~~~:)♡♡♡::숭실대 맛집 가성비 좋아요::굿::굿::굿::굿::맛있던대요^_____^::좋아요::맛있어요::좋아요::밥상에 꽃 폈네요!! 청운 돼지모듬 1kg  ( 삼겹살, 꼬들살, 응어릿살) 진심 강추입니다!!!!! 고기 상태 좋고 가성비 좋고 무엇보다 맛이 좋고. 다른 잔반찬들도 깔끔하고 짜지 않아 좋았어요. 특히 사장님이 해 주시는 볶음밥은 마약밥입니다. 배 부른데 계속 먹게 되네요. 재방문의사 200% 입니다 ::김치전골 맛나요::ㅈㅇㅇ::굿::굿::좋아요::굳::좋아요::친절해요::숭실대 1등 맛집,,, 제주 흑돼지를 먹어도 생각나는 청운식당,,, 오늘 항정살도 돌아써ㅜㅜㅜㅜㅜ존맛탱구리,,, 담에 월급받으면 1등급 생삼겹 머그러 갈게여!!!!::너무 맛있어요::친절합니다::서비스도 좋고 너무너무 맛있어요!!!! 사장님이 되게 친절하셔서 먹는 내내 기분 좋았습니다!!! 앞으로도 자주 방문 하려구요!!! 잘먹었습니다??::고기가 정말 맛있어요.::자주가요::철판에 구멍이 날 정도로 싸~~악 비웠어요 요즘 들어 가장 맛있게 먹은 음식이라 배터지게 먹었답니다. ㅎㅎ 따끈하고 부드러운 달걀찜 강추합니다. 딸래미가 맛있다고 게눈감추듯 혼자 다 먹었네요. ㅎㅎ 삼겹살에 김치와 콩나물을 겻들어 먹으니 더욱 맛있어요. 오징어와 삼겹살 같이 꼭 먹어야 할 음식이구요. 사장님이 너ㅡㅡ무 친절하셔서, 단골집으로 정했답니다. 최고 ??::생삼겹 고기가 매우 신선하고 맛있고 해물볶음도 쭈꾸미 오징어, 낙지가 매우 실하고 신선합니다. 해물볶음양념과, 김치, 생삼겹, 콩나물을 함께 볶아 먹는데 정말 맛있어서 또 올 예정입니다. 볶음밥도 맛있어요 .::음식도 맛있고 사장님도 친절하시고 너무 좋아요~~♡♡♡::저번에 집앞이라 우연히 들어왔는데  숭실대 앞 고기집중에 제일!! 맛있어요 !!!!솔직히,,, 진짜로....  고기 그냥 종류별로 너무 신선하고 맛있고 매장이 너무 청결합니다!!!  저를 믿고 방문하세요 여러분  사실 저만 알고싶은 음식점인데 너무 맛있어서 감사해서 리뷰 남깁니다.. 그리고 볶음밥 존맛이에요 다음에 또 갈게요 사장님::오랜만에 고기 맛있게 잘먹었네요 ^^ 번창하세요!::아주맛있고 또 가고싶어요.. 삼겹살도 넘 맛있고 식사류 메뉴도 다양하고 맛있어요...^^::맛있어요::좋아요::삼겹살이 신선하고 반찬들도 맛있네요~::조아요~~~~!!!::",청운콩나물국밥:5000::생고기김치찌개:7000::차돌 청운된장찌개:7000,4.73
신의주찹쌀순대 숭실대점,한식,"순대, 순댓국",118,"순대만국밥 깔끔하고 맛있어요::좋아요::맛있어요::계산할 때만 친절하심 내용물 보고 깜짝 놀랐었음 들어있는게 너무 없어서……::국물이 정말 찐하고 깊은 맛이 느껴집니다. 사장님이 정직하게 좋은 재료로 만드시는 것 같고, 친절하시네요. 오랫만에 순대국다운 순대국 먹었어요~ 앞으로 자주 들릴께요~!!ㅎㅎㅎ::순대국에서 발냄새나요. 고기냄새가 발냄새보다 더하고 비계덩어리만 들어있고 먹고 2시간이 지나고 양치를 해도 냄새가 안사라져요.::회전율 미쳤고 숙대국 맛있어요..???? 궁물만 좀 더 주시면 행복할 것 같아욯ㅎ::혼밥 굿::맛있게 먹었습니다~::맛있네요 :) 소주도 4,000원 ㅎㅎ::요즘 국밥들이 원가절감한다고 배추김치를 안두는 곳도 많은데 여긴 밑반찬이 괜찮네요 :)::굿::굿::굿::혼밥 하러 자주 가는데 갈 때마다 직원분들 마스크 안쓰고 계시네요 마스크 빼고 큰 소리로 대화 하시고요 심지어 주문 받으러 올 때도 마스크 안 쓰고 와서 놀랬습니다 오늘만 그런거겠지하고 넘어갔지만 벌써 4번째라 굳이 리뷰 남깁니다::친절해요::맛있어요::굿::친절합니다::굿::음식은 맛있지만 양이 많지는 않아요.::굳::굿::굿::순대 맛있어요::다시는 안갑니다::굿::뜨끈한 국물이 생각날 때 갑니다 깍두기도 맛있어요!!::정식은 모둠순대와 밥이 나옴. 양 많고 숭실대 부근에서 맛집::굿::친구랑 자주 가요::맛있어요::같은 신의주여도 맛 , 가격이 다르고 여긴 대학가 앞이라 좀 더 저렴한가봐요. 맛 은 그저그랬어요. 비계 부분이 많음 ㅜㅜ::굿::굿::굿::굿::굿::굿::순대국 맛있어요::좋아요::좋아용::좋아요::맛있어용",순대국:8000,4.29
28청춘호프포차,그외,,6,짜계치에 치즈 많이 넣어주세요오::친절합니다::편해요::#상도동 저렴해요::맛있어여!! 영수증상 장소가 잘못 기재된거같아요,순두뿌찌개:4800::묵사발:5800::오뎅탕:6800,4.78
도쿄라멘3900 숭실대점,일식,라면,127,"????::굿::가성비 좋고 맛있어요 !!!????::맛있어요::요번에 가봤는데 저렴하고 맛있어요^^::숭실대 가성비 라멘집 좋아요^^::굿::싸고 혼밥하기 좋아요!::좋아요::좋아요::국물이 진해서 좋았고 분위기도 조용해서 괜찮아요!!!::밥먹다 머리카락 나옴::맛있어요????::가격이 저렴하고 간단하게 배를 채울 수 있는 곳, 포장용기 관리가 필요한 것 같아요 2그릇 모두 거무튀튀한게 묻어있었어요::좋아요::굿::좋아요::가성비 좋네요. 추운데 뜻뜻하게 잘 먹고 왔습니다::맛있어요!::음식 빨리 나와요~::가성비 맛집::가성비 값이에요::아주 맛이 구우우웃!::저렴하네요::일본라면 맛이 남. 가격이 저렴함.  양은 많지 않지만 적당히 배부름. 사이드 같이 시겨 먹음 배부름. 학생들이 이용하기 적당해보임. 혼밥하기 좋음.::초등학생이 미소라멘 맛있다고 하네요~ 간장 된장 중 고민히ㅣ다 된장 골랐는데 맛있ㅐ요::조금 짰음::저렴한 가격에 혼밥하기 좋아요::초카라이라멘 맛있어요~ 매콤하고 좋아요::굿::괜찮아요 가성비 좋아요::좋아요::맛있어요::좋아요::맛있어요::굳::맛있어요::굳::좋아요::좋아요::맛ㅇㅆ어요::맛있어용 자주갈게용::싸고 맛있어요!::가성비 좋게 먹기 딱 좋습니다!! 초카라이라멘 쪼금 매워요~그래도 맛있게 잘 먹었습니다!::그냥그래용::좋아요::맛나용::맛나요::좋아요::카레가 어린이 카레느낌이긴 한데.. 라멘은 맛있대요~::번창해야됨~~::새우 카레 맛있네요!!!^^::조아요::굿::좋아요::마싯숴요~::좋아요::굿::굿::너무 맛있어요~~~!!!?? 국물이 깊은맛이 나고 면에도 간이 잘 되어있어요. 사장님도 친절하셔요.  왕추천합니다.::굿::굿::??::굿::굿",돈코츠라멘:4400::미소라멘:4400::소유라멘:4400,4.47
백채김치찌개 숭실대점,한식,"찌개,전골",63,"맛있어요::굿::맛있습니다::굿::고기가 싱싱하고 김치찌개와 달걀 말이 맛있어요!!::굿::굿::1인분 8,500원 김치찌개 맛집! 달걀말이도 있어서 소주 한잔 하기도 좋네요::굿::가성비가 좋아요::양도 많고 맛있어요::굿::맛잇어요::좋아요::맛있게 잘 먹었습니다!::굿::굿::김치찌개 맛있어요 근데 반찬이 없... 딱 대접밥만~::양이 많아요::김치찌개는 그냥저냥 먹을 만하네요 여러명이 와서 먹기 좋아요 밑반찬이 없어요::숭실대 김치찌개 맛집::굳::좋아요::반찬이없어요::굳::맛있어요!::굿::굿::맛있고 친절해요::가성비????::조아요::굿::그닥..::맛있어요::맛있어요 편하게 밥먹기 좋습니다::굿::ㅈㅇㅇ::맛나요::맛있어요::굿::좋아요::자주가는 맛집 입니다~ 알바 하시는 분도 친절해서 좋아요~::점심시간에 혼자 왔다고 진짜 세상 불친절함 맛은 평범한데 불친절해서 다신 안갈듯::맛있어요::굿::??::좋아요!!!!!!!::굿::좋아요::??::맛있어요.::학생때부터 항상 양도 많고 맛있는집으로 유명했는데, 졸업후 4년이지나 가도 맛있네요::생고기가 듬뿍있어 아주 맛있어요~ 모듬사리 추가해서 푸짐하게 먹었어요^^남성2인에 맞고 여성은 3명 먹을수 있겠어요~::친절하시고 너무 맛있어용ㅎㅎ::좋아요::맛있어요::겁나 맛있어!!! 고기 진짜 많고 특히 계란말이는 필수!::좋아요::맛나요::맛있어요 고기가 두툼해요!::맛있어요::맛있어요",김치찌개:8500,4.43
베트남식당 퍼민,그외,,154,"??::언제 와도 맛있습니다::굿::맛있어요::맛있어요::베트남 다녀와 생각나서 찾았는데 너무 맛있게 잘 먹었습니다 감사합니다::굿::괜찮아요??::맛있어요??::숭실대 근처에 볼일이 있어서 갔다가 점심 혼밥하러 들렸습니다.  저는 볶음밥을 좋아해서 주문 했습니다.  작은 그릇의 국은 쌀국수 국물인데 저는 고수가 들어가야 맜있어서 고수 있냐고 물어보니 한접시 주시네요. ㅎㅎ  볶음밥 정말 양 많구요, 맛있습니다. 쌀국수 국물도 맛있어서 기회 되면 쌀국수도 먹어봐야 겠습니다.  특별한 메뉴가 있어서 지인들이랑 조만간 한꺼번에 가서 이것 저것 주문 해보려 합니다.::양도 많고 맛있어요~~!::퍼민은 사랑입니다..ㅎㅎ 1월에 장기간 휴무여서 슬펐는데 드디어 갔어요!!!!!!! 맛있어용::맛있어요::맛있습니다 제대로된 분짜::점심시간이라 손님 많았지만 사장님이 친절하게 해 주시려는 모습이 좋았구요, 양도 많고 맛도 있어 가끔 들리는 곳이예요.::괜찮아요::맛있게 먹고 갑니다::매번에 먹어도 너무 맛있어요♡♡♡::멋있어요.두번째 방문했어요.::진짜 베트남 쌀국슈 맛::모처럼 친구랑 베트남 식당에 갔었어요. 반쎄오가 제일 맛있더라구요::좋아요::가격 싸고 맛있어요::음식이 베트남식이에요~~~ 맛도 좋고 느낌도 좋고!::음식도 빨리 나오고 양도 많아요~::간판이 바뀌었지만 맛과 분위기는 그대로 항상 맛있게 먹고있어요~::여기저기서 본 음식 맛보고 싶었는데 여기서 맛볼 수 있었어요!::양도 많고 진짜 맛있고  무엇보다 가격도 저렴하구 ‘ 자주 올 거 같아요! 너무 맛있어요><::비비엣은 숭실대 앞에 종종 가는 베트남음식점인데요! 기름이 많지 않고, 양이 많아서 좋아요! 그리고 사진에 보이진 않지만, 스프링롤과 짜조도 최고예용::맛있어요!::반쎄오 맛있었어요! 부침갠데 코코넛같이 달짝지근한 맛::또 가고 싶어지는 맛!::굿::굿::음식이 깔끔하고 맛있어요 쌀국수 별로 라고 생각했는데 이 집 가면 라지 사이즈를 시키게 되네요 나 쌀국수 사랑하냐? ♡♡♡♡♡::좋아요::굿::좋아요::맛이ㅛ어용::맛있어요 베트남 음식점 중 최고!::맛있어요. 요청하면 고수 줘요. 연유커피는 타 음식점보다 커피맛이 진하고 단맛도 진해요! 그리고 바게트가 갓 데워져 나왔는데 연유가 그냥 단맛이 아니라 독특한 단맛이 나서 맛있게 먹고 왔어요.::맛도 좋고 양도 많아요. 대식가도 맘에 들어할 것 같아요.::진짜 최고 맛집!::맛있어요",하노이 분짜:9400::소고기쌀국수(s):8400::소고기 볶음면:9400,4.64
블루힐,그외,,32,"오뎅탕 생각보다 엄청 실하고 국물 얼큰해서 맛있어요! 치즈불닭은 맵지는 않지만 맛있었고 먹태도 잘 먹었어용::굿굿::정말 자주 가는 집!::김볶밥!::가성비가 좋아요 떡볶이가 맛있어요::친목모임하기 좋아요::굿::추억의 장소::맛이 있고 모임하기 좋아요.::맛있어요~::먹태 맛집::굿::다음에 가면 김치볶음밥 꼭 먹어보려구요 요쏘 맛있음!!::맛남::싸고 좋아요::굿::굿::굿::요구르트 소주도 맛있고 김볶, 어묵탕 다 맛있어요 ㅎㅎ::먹을만해요::칵테일 소주는 무조건 파인애플::칵테일소주 ㄹㅇ 맛집::김볶맛집::시끄럽지만 맛있음 ㅎㅎ::조아요::요쏘 김볶 계란찜은 블루힐 국룰입니더.::학교 근처에서 제일 자주가는데 칵소가 제일 맛있는 곳 ㅠㅠ::좋아요::영느낌 대학교때 생각나게함::굿::추억의 블루힐 레몬소주, 골뱅이, 돈까스, 오무라이스 추천.  (화장실은 더러워요..속닥)::숭실대 떡볶이 찐맛집",김치볶음밥:5000::오므라이스:5000,4.5
코웍비스트로 숭실대점,한식,닭갈비,14,"::옆에서 단체가 소리지르고 시끄럽게해도 아무런 조치도 없고
중국인 종업원이 닭갈비 볶다가 옷에 튀었는데도 미안하다는 말 하나도 없이 앞치마 하라는 말이나 하고있네요 돈내고 기분만 잡치고 갑니다::굿::맛있습니다::볶음밥꿀맛 라면사리추가도추전::닭갈비가 정말 맛있어요!
다음에 또오고 싶어요::맛이좋아요
볶음밥맛있음::간이 좀 쎄지만 맛있음::맛있어요::맛있습니다::가성비 좋아요 맛있어요::닭갈비와 쟁반국수가 일품이네요
배부르게 잘 먹었어요::닭갈비와 쟁반국수가 일품이네요::분위기 좋았어요.",뼈없는 닭갈비:9000,4.4
더피자,양식,피자,20,숭실대 중문 바로 앞에서 치킨피자맥주 먹기 좋아요 매장도 깔끔해요::핫불고기 피자는 생각보다 더 매콤해요 화이트골드피자는 그냥 평범한 고구마피자맛.. 프리미엄?피자를 생각하시면 당연히 실망하실거같구요 1인 1피자로 다양하게 간단히 맛보긴 좋네요 냉동피자보다는 쪼금 더 맛있습니다..ㅎ 사장님이 문닫으시다 제가 부딪쳤는데 시크하셔서 좀 주눅들었네여..ㅎ 친절함은 큰 기대 않으시는게..ㅎ::굿::맛최고::굿::항상 최고에요::맛있어요::맛있어요::좋아요::굿굿::친절해요 진짜::양이 적어요..하지만 그만큼 가격이 저렴한 편이기에 보통 드려요 그리고 배달 전문점인지 직접 치킨을 가져다먹는게 불편했어요 그래도 치킨은 바삭한편이라 맛 괜찮았습니다. 메뉴에 마늘치킨 있길래 먹어보고 싶었는데 안팔아서 조금 아쉬웠어요::맛있어요! 피자가 진짜 쫄깃해요::좋아요::조아요::가끔 피자 땡길 때 먹으러 가요::맛있오요::조금 가격대가 있어요,피자(L):12000,4.3
The Kone,분식,떡볶이,153,맛있습니다 ??::굿::좋아요::맛있어요::돈까스 맛있어요~::굿::맛나요::즉떡 안 맵고 맛있어요♡::숭실대 돈까스 맛집::가격도 착해 맛도 괜찮아 양도 괜찮아 즉떡 땡길때마다 이제 여기 갈렵니다!!!!!  잘먹었어요::숭실대 최고 치즈돈까스 맛집!::굿::굿::굿::좋아요::끈적했던 테이블을 닦아달라 요구했다 가격에 비해 떡볶이와 볶음밥은 맛있었다. 그러나 먹자마자 남자친구와 나는 배탈이 났다. 소화기관이 예민한 나는 다음 날까지 배가 꼬이듯이 아파서 고생했다.  다음엔 다시는 안갈 것이다.::굳::맛있어요~::아주 맛있고 친절합니다~~::굿::ㅇㄷ::맛있고 저렴해요~::ㅇㄷ::좋아요::좋아요::즉석떡볶이 맛나요::굿::즉떡 맛나요~~~::가성비좋아요. 맛있네요ㅎ 사장님도 친절하세요::정말 맛있어요 어떻게 이런 가격이 ㅎㅎ 기름도 깨끗한 맛 추운날 국물과 먹으니 안성맞춤이네요::가성비 좋고 맛나요::맛 좋아요::굿::감사합니다::맛있어요. 가성비 나쁘지 않은 곳.::돈까스 소스가 맛있음::좋아요::맛있어요!::맛있어요^^::굿::굿!::굿::돈가스 맛집..ㅎㅎ 떡볶이는 좀 아쉽다...::맛있어요!::저렴한데 맛두 괜찮네용,즉석떡볶이 2인:11000,4.59
가득,그외,,4,"식기류도 너무 더럽고... 앉은 곳에 거미줄에....;;
기대했던 것 만큼 아쉬움이 많이커요::안주 맛집!!! 분위기 좋아요!!::가성비 갑::분위기는 좋은데 음식 양이 무슨,,ㅎ 거기다가 닭발은 쓴 맛이 너무 강해요ㅠ
근데 과일칵테일이엇나? 그건 존맛탱",마약 닭도리탕:10900::가득 김치찌개:10900,4.29
부리또집,그외,부리또,125,Gooooooood??::간단한데 배부르게 먹고 싶다? 무조건 강추하는 가게입니다.  양 많으신 분들은 곱빼기 시키면 배빵빵하게 드실 수 있어요!!  감자 좋아하시는 분들은 웨지감자 추가하면 더 맛있어요(개취)::맛있습니다::부리또 하나가 약 1.5인분입니다!!::너무맛있는 부리또 또 먹었어요 ??????????????????????????????????::맨날 먹어도 맛있어요 너무 너무 맛있어요 최고에용?? ?????????????????????????????????????? 세상에서 제일 맛있어용::진짜 맨날 먹어도 안질릴듯 ㅠㅠㅠㅠ??????주말에 안여는게 너무 아쉬워요ㅠㅠㅠ숭실대 최고맛집 !!!! 믹스에 아주매운 최고 미쳤어요????????????????????????????????사장님 감사해요ㅠㅠㅠㅠ 치즈 고기야채의 미친.조.합 짱짱존맛탱ㅎ::굿::맛있어요!::여기 넘 맛있어요 특히 겉빵이 진짜ㅠ 갠적으로 주변 가게보다 여기가 더 맛있는 것 같아요 :)::좋아요::굳::혼밥최고 소울푸드입니다::부리또 너무너무 맛있어요!!!! 강추!!!!::굿::너무 맛있게 잘 먹었습니다.::요즘 이가격에 한끼를 든든하게 먹을수있다는건축복입니다^^ 한결같이 변함없는 맛~~  맛있어요~~?::일주일에 한 번 이상 꼭 먹어요 ㅎㅎ 사장님두 딸처럼 친절하게 대해주셔서 행복해요 ???? 꼭 닭에 0.5단계로 드세요 짱짱맛있습니다앙!::좋아요::가격도 저렴하고 맛있어요::양도 많고 맛있어요 가성비도 좋아요!::숭실대 가성비 좋은 부리또 맛집 가격 부담없고 든든함::맛있어요::맛있어요::너무너무 맛있고 친절하세용::닭고기도 믹스도 맛있어요~ 아이는 안매운 소스로^^::단골입니다ㅎㅎ 거짓말 1도 없이 50만원어치는 사먹지 않았나 싶네요 주식으로 매일 먹고 싶어요~~~~::크고 마싯서용 매장도 넓어용::브리또와 맥주한잔 굿::좋아요::가성비좋아요::간단히 먹을 수있어서 아이가 좋아해요~::싸고 양많고 맛있어요.::최애 브리또집~~ 간단하고 든든하게 한끼 먹고싶을때 자주 이용합니다 변함없는맛~~강추::그냥::대존맛 가성비 최고입니다!::맛있어요~::숭실대 부리또 맛집!::고기 종류도 소스 맛도 직접 고를 수 있어좋아요~~ 닭고기 맛있어요!!!!::숭실대 부리또 맛집!::,단품 부리또:3500,4.42
황궁쟁반짜장,중식,,91,"☆::좋아요::굿::요일메뉴 아이디어 짱인거같습니다! 맛있어요::잡채밥 맛있음::굿::맛있어요::좋아요::완전 별로::굿::네이버 가격표랑도 다르고 , 네이버 예약 했는데도 예약 확인도 안하고  네이버 예약 해택도 안주고  물어보면 모른다만 하고  개선할 생각이 없다고함::짬뽕하고 찹쌀탕수육 맛있어요^^::좋아요::☆::친절해요::정말 맛있게 잘먹었어요. 사장님도 너무 친절하세요::마도 맛집::자주와요 가성비 좋아요::☆::맛있어요!::맛있어요::굿::가성비가 좋습니다 ?? 아쉬운점은.. 차돌짬뽕이 약간 밍밍? 진한 맛이 부족하달까요.. 국물자체가 맛없진 않은데 얼큰~ 진한 그런맛이 부족  깐풍새우 강추이고요  크림새우는 뭔가 튀김껍질이 너무 두꺼웠어요..!  탕수육은 튀김피도 얇고 소스도 정말 맛나서 아 탕수육맛집이구나 이런느낌 ㅎㅎㅎ  추천해요~::간짜장 먹었어요...::짬짜면 맛있어요!::친절해요::맛있게 먹었어요::좋아요::싼맛에먹으::쟁반짜장맛있어요::싸고갠춘::집이 바로앞인데 배달시킴. 짜장면2개 탕수육시켰는데 면은 다불어서 물컹하고, 탕수육은 눅눅합니다. 전화해보니 먹는사람의 취향탓이라네요. 절대시켜먹지마세요. 먼것도아니고 이렇게 맛없는 짜장면은 처음이네요.::예전에 자주 배달시켜 먹었던 것인데 오랜만에 방문해서 짬짜면 먹었습니다. 짜장몀 넘 맛있음~~::짜증나서 사진도 안찍었네요.ㅡㅡ 탕수육대자 짜장면곱베기 3개 그냥기본짜장면 해서 59000원치 시켰는데 너무화가나서 올려요. 우선짜장면시키면40분걸린다고 했는데 일찍오심 근데 다뿔었어요ㅡㅡㅋ 머죠? 근데 어디를돌다오셨는지 다뿔어서 소스도없구요. 탕수육 은 딱딱해서 이빨뽑히는줄ㅎㅎ 예전에친척이 여기서 찹쌀탕수육 시킨거같은데 맛있다해서시켰는데 그냥탕수육이왔더라구요.전화해보니. 찹쌀탕수육이라고 말해야된대요. 신규라고 영수증에써있음 그냥인지 찹쌀인지 물어봐야죠?아닌가요? 찹쌀이 아니어도 맛있었음 그냥먹죠.ㅋ 딱딱해서 참.. 엄마가 화가나서 전화까지했네요. 바로튀겼다는 말도안되요. 그리고 찰쌀인지 아닌지 메뉴판도 없던데 여기 누가맛있다고한건지 6만원버렸어요. 화나서 올려요!매번음식맛이다른건지 참 기분안좋네요::좋아요!::좋아요::상이 많이 끈적끈적함::따봉이요::좋아요::굿::좋아요::쟁반짜장이 맛있어요!",짜장면:5000::간짜장:6000:짬뽕:5500,4.2
고기스토리,한식,돼지고기구이,35,??::가성비 최고다... 요즘물가에 이런고깃집이 있다니::학교앞 어디에나있는 삼겹살 맛이에용 직원분은 친절하셔요!::가성비 너무 괜찮은 집입니다!!::좋아요::좋아요::맛있어요::좋아요::좋아요::친절합니다::제육도 맛있고 고기도 싸고 좋더라구요::매장 내부 사람들 너무 시끄럽긴 했는데 그거 빼곤 고기 맛있고 좋았어요::맛있고 저렴해요. 친절하세요::짱::좋아요::좋아요::ㄷ::친절해요::숭실대인근은 된장찌개 맛집 가성비 좋은집 동네 맛집::고기가 신선해요::좋아요::사장님도 친절하세요 ㅠㅠ 내돈내산 성공..::여기 진짜 맛있어요 아니 무슨 양파절임들어있는 고기소스?  그거 미쳤어요 들고 마실뻔 ㅋㅋㅋㅋㅋ 고기도 가성비 쩔고 반찬도 좋아요?? 직원분들도 친절하시고 기분좋게 먹고나왔어요 감사합니다 또 방문할게요 그땨는 소스 많이 주세용 킄킄크::사장님 너무 너무 맛있게 잘 먹었습니다!! 제가 공인한 찐 맛집인데 이번엔 새로운 친구들 데리고 갔더니 친구들도 다 좋아하네요ㅎㅎ 가격도 넘 착하고 맛도 쵝오?? 번창 길만 걸으세요><::굿::맛있어요~::굳굳굳!!~또먹어싶어요~~^^::대대대대대대대존맛?????? 와 목살 뭐임 엄청 도톰한디 육즙 퐝 허브 삼겹살도 겁나 맛있음::맛있습니다::맛나요::맛있어요::숭실대맛집 고기 가성비 짱입니다,생삼겹살:13000::생목살:13000,4.34
명품고향삼계탕,한식,삼계탕,89,"너무 맛있게 잘 먹었습니다.::늘 변치않는 맛 요즘3~5시까지 브레이크타임 생긴듯^^::여기 순대국이 진리입니다::맛있고 깔끔해요!::ㅎ::와 찐으로 맛있는 삼계탕입니다! 양도 엄청 많고, 반찬도 다양하게 나오고, 몸보신 제대로 했어요! 진짜 꼭 가보세요!::좋아요::너무 맛있게 잘 먹었습니다.::닭계장맛집  음식이 다 맛있어요::삼계탕1, 반계탕1 너무 맛있고 양도 넉넉해요::맛있었어요::맛있어요::반계탕 맛있어요! 반찬 가지수도 많음 특히 김치가 세 종류나,,ㅋㅋ 뚝배기의 뜨끈함이 오래 가서 좋았어요::닭계장 러버ㅋ::닭계장 최애::맛있음. 두번먹겠음요::맛있고 든든함~ 또먹::굿::굿::굿::복날이라 사람이 정말 많아서 줄 서네요~~::맛있어요.::여느 가게처럼 인플레이션으로 가격이 약간 올랐습니다::좋아요::요 근처 국밥집중 최고에요::좋아요::좋아요::근처 국밥집중 무난하네요 가성비 좋고 공기밥 서비스 좋은것 같아요::삼계탕 맛있어요::전맛::삼계탕보다 순댓국을 더 많이 먹음::굿굿::맛나요::반계탕 가성비 굿!::메인메뉴, 반찬 다 맛있습니다::친구는 뚝배기불고기 난 순대국 여전히 맛있고 오이무침도 여전히 맛있다::좋아요::최소 30년 넘은집. 삼계탕은 당연 맛있고, 순댓국도 괜찮다::좋아요::굿::굿::숨은맛집::맛있어요::반계탕 맛있어요 ~~ 근데 닭개장 그릇이랑 같아서 그런건지 고추 기름 같이 빨간게 떠있어서 기분은 좀 그랬지만 이해하고 맛나게 먹었습니다 ~~ 다음엔 잘 부탁드려욤 !::좋아요",고려 삼계탕:14000::명품 반계탕:8000,4.4
김가네김밥 숭실대점,분식,김밥,200,맛있어요::굿::…::굿::참치김밥이랑 치즈김밥 구매했는데 김밥이 다 풀어지고 참치는 국물이 질질 새고.. 다른 김가네랑 수준이 완전 다르네요..::김밥 맛있어요::굿::자주가고 있어요::김밥 맛있어요::관악산에 포장해가서 먹으면 좋아요::김치볶음밥 먹었어요. 혼밥하기 좋아요.::굿::요즘 분식값이 부담되네요::맛있어요 ㅎ::김밥맛있어요~::깔끔해요::가격이 다른곳보다 조금 비싸긴하지만 맛있으니까!::참치김밥 맛있어요::신선한 김밥 한줄 쨥쨥??::굿::먹을만해요::김가네 맛았다오::조아요::음식이 맛있어요..::늘 맛있게 말아주시는 김밥 감사합니다~^^::ㅋㅏ레는 괜츈해요::김가네 가면 새우롤김밥 꼭 드세요 ^^::식사가 빨리 나와요. 먹을만해요.::좋아요::맛있어요~::ㅇㅇ::가볍게 맛있게 먹을수 있음::돈가스가 바삭하지 않아요ㅠ 소스도 좀 적어요::굿::맛있어요::친절합니다::굿::굿::친절합니다::김밥맛있어요::좋아요::굉장히 불친절 합니다.::좋아요,김밥:3900::라볶이:6500,4.15
더진국수육국밥 숭실대점,한식,국밥,117,"직원이 너무 불친절::비빔냉면 고기조합 좋아요~~::굿::숭실대 해장 맛집::조아요::굿::굿::수육국밥 특 9,000원 깔끔한맛::굿::해장으로는 국밥만한게 없는것 같아요 ㅎㅎ 매번 해장할때마다 든든하게 잘먹고갑니다! 양도 많고 푸짐해서 가성비 최고입니다아???? 특히 기본반찬으로 나오는 부추랑 김치가 너무 맛있어요,,, ????::굿::맛도 서비스도 최악! 찜찜하게 식사하고 싶으신 분들에게 추천드립니다~ 외국인 직원분이 사장님인지는 모르겠지만,주문 받으실 때 짜증내는 듯이 보이구 반찬도 던지듯이 놓으시구..ㅜ 다른 리뷰보니 찬밥 안 나온 걸 다행으로 생각해야될 것 같아요! 냉면은 면이 녹은 것 같이 좀 .. 다른 느낌이네용 번창하세요~::국밥집다닌곳중에서 최악이였습니다 다른분들은 조금이라도 가실생각있으면 가지마세요  밥이 차서 딱딱히 돌이 되었는데도 아랑곳하지 않고  국물에 말아서 먹으라고 하네요 ㅋㅋ 밥도 쉬었음 최악 국물도 비린내 너무 났어요::밥이 차게나왔는데 양해구하지도 않고 주는 것은 좀 아닌것 같네요::맛 별로에요 찬밥주고 어제 쉬는날이라 그냥 말아서먹으라네요 새우젓도 없다고 하고 일하시는분 조선족같아요 그리고 국밥은 그냥 탁 내려노네요 아무리 불러도 대답도 잘 안합니다::미리 양해도 안구하고 엊그제 만든 찬밥을 주고 다시는 가고싶진 않네요 화장실 위생 최악.. 수육국밥이라면서 수육이 아니고 싸구려뒷다리살만 얇게 썰고 집어넣었네요 안가시길 추천::굿::월요일 아침에 갔는데 순대국밥 시키자마자 바로 나옴. 근데 국물에 하얀거 둥둥 떠다님. 국물도 미지근해서 직원분 부르니 오지도않고 그냥 그거 떠있는거 육수라고함. 오셔서 봐달라고 말씀드리니까 계속 육수라고만 하시길래 이거 끓인거 맞냐니까 아니라면서 급하게 가져감. 오래전에 끓여놔서 식으니까 침전물 둥둥 떠다닌 거였음. 얼마나 안끓여놨는지 한참뒤에야 가져오더니 자기네는 원래 안 끓여서 준다고 다음엔 미리 말하라는 터무니없는 소리를 함ㅋㅋ 어이가 없어서 사과한마디 해야되는거 아니냐고 하니 그제서야 대충 죄송하다함. 계산하고 나갈 때도 먼저 사과 안함. 왔을 때도 인사도 안하고 주문받을 때도 쳐다도 안보고 주문 받음. 이런 사람 왜 쓰나요?ㅋㅋ 끓이지도 않은 걸 주는데 위생관리 어떨까 궁금하네여::맛나서 싹 비웠어요::추운 날씨엔 국밥이 최고 냄새 없어서 좋아요::냄새도 전혀 없고 느끼함이없어 맛있게 억었어요::음식이 맛있어요::좋아요::든든~::맛나게 먹어요..::더진국은 어딜가나 평타 이상은해요. 실패가 없는 집::맛있어요!!!::가성비가참좋와요::굿::맛있어요::굿::굳::굿::국밥도 맛있는데 냉면도 정말 맛있어요!::숭실대 맛집입니다??::굿::맛있어요::굿::굿::굿::굿::굿::친절해요::좋아요::맛있어요",수육국밥:8000::순대국밥:8000,4.15
멘동 숭실대점,일식,,43,"라멘5개 돈부리1개 시켰는데 반찬이 너무적음 가츠동은 매운맛 시켰는데 너무 느끼하도 라멘은 사이즈업 했는데 국물이 너무 없음 면만 추가해준 느낌 맛은 그럭저럭 가격 고려하면 먹을만한 정도::무난하게 한끼 식사하기 좋은 곳입니다. 라멘에 들어간 차슈? 베이컨?은 좀 아쉬워요ㅠ::머스타드 소스를 이렇게 정갈하게 뿌려준 곳은 PC방 말고는 없을 줄 알았는데 음식 받자마자 신기했어요?? 제가 시킨 음식은 ‘매콤가츠동’인데 맵기 조절이 3단계로 가능해서 2단계인 보통맛으로 먹어보았는데 신라면 스프랑 비슷한 정도의 맛이고, 양이 많아서 7500원에 배부르게 먹을 수 있었습니다. 매콤가츠동 말고도 마제소바나 라멘 등 다른 일식 메뉴도 많아서 재방문한다면 다른 음식도 먹어볼 것같아요. 잘먹었습니다 :) ::함께 공부하는 동생과함께~ 맛있어요.::처음 방문해서 먹었는데 맛있게 잘 먹었습니다.::맛있게 잘 먹었습니다.::혼밥하기 좋고  맛도 있어요^^  오래 숭대를 지키고 있는 이유가있겠죠~::굳::멘동 포장해서 먹었어요 ㅎㅎ 가츠동 사이즈업에 새우튀김 2개 사이드 추가해서 먹었더니 배 엄청 부르네요?? 기본 사이즈가 양이 적을 수 있다고 들어서사이즈업했는데 다음엔 기본 사이즈로 먹어야겠어요 ㅎㅎ 가성비 너무 좋네요 포장도 깔끔하고 사장님이 웃으며 인사해주시니 감사드렸네요?? 종종 포장해서 먹어야겠어요~!::매장 내부도 깔끔하고 주변도 깔끔했어요? 국물도 깔끔해서 부담없이 먹었습니다?? 라멘 땡길 때 방문하면 좋을 것 같아요????::좋아요::좋아요::좋아요::굿::혼밥하러 종종 가는데 좋아요??::조아요::맛있게 잘 먹었습니다! 양이 많네요.::굳굳::좋아요::카레가츠동 먹었는데 맛이 괜찮았어요~::맛있었어요 근데 평소보다 좀 달았던 것 같아요ㅠㅠ::좋아요::또먹으러 가려구요 김치규동이 너무 맛있어요,,::사장님과 직원분이 친절하시고 맛있어요::라멘 국물 죽여줍니당::맛은 보통. 저렴함::양이 생각보다 많고 가게도 나쁘지않고 맘에들어여:)::든든하고 종류가 다양해서 좋아요. 맛은 당연히 맛있습니다. 혼밥하기에도 좋을 것 같아요.::조금 느끼해요::맛 좋습니다::맛있어요 ㅎㅎ 이시국에 가서 죄송 ㅋ::맛있고 가격도 착해요.::굿::양이 적어요..ㅠ::가격도 저렴한편이고 맛잇서용 #상도동 #숭실대입구 #가츠동 #규동::맛있어요::괜찮아요::#우리동네숨은밥집::가성비굿::양도 많고 가격도 저렴해요!::맛있어요",가츠동:7500::규동:7500::에비동:7500,4.42
크라이치즈버거 숭실대점,양식,햄버거,332,"햄버거 재료가 신선하고 맛있어요 매장에 앉자마자 순삭했네요 만삭 임산부인걸 보시고 애기랑 다음에 또 오라고 쿠폰까지 주셨어요 친절하게 챙겨주셔서 감사합니다 다음에는 더블치즈버거도 먹으러 가야겠어요::친절해서 좋아요! 요즘 가장 자주먹습니다~::맛있어요::맛있어요::굿::종종 오는데 맛있어요::맛있게 먹었어요.::직원들도 친절하고 너무나 맛있었어요!!!! 치즈버거세트시켜서 감자튀김은 치즈 추가했는데 넘 맛있게 먹었어요!근데 치즈가 좀더 미국 치즈 스러우면 더 좋을것 같아용 ㅜㅜㅋ::간만에 크라이치즈버거!  역시 맛있어여~ 가격이 조금 올랐지만 여전한 맛에 기분좋게 먹구가영~ 긋긋::치즈버거 맛있어요::맛은있어염::맛있고 친절하세요~ 아이가 먹어여란을 선택하면 저염에 구운양파등으로 아이가 먹을수 있도록 해주시는것도 정말 좋습니다~ 자주 가게 될꺼같아요~::맛있고 넘 친절하세요 !!! ????::좋아요::처음 방문해서 먹었는데 재료도 신선하고 맛있네요! 자주 방문할것 같아요 :)::굿::제 입맛에 잘 맞는 치즈버거 입니다::제 최애 치즈버거집이에요 치즈프라이도 맛있고 버거도 맛있어욤 느끼한거 땡길때 무조건 먹어야함 종강하고도 생각나서 먹으러갔어요::동네서 가장 좋아하는 햄버거 가게. 여기 햄버거가 가격대비 맛있음. 치즈 프렌치 프라이도 맛있음. 여기 햄버거 추천합니다.::진짜 가성비 좋고, 맛있는 햄버거집::맛있어요::완전 맛집::좋아요::굿::맛있어요::맛있어요::정말 맛있어요! 한번 먹어보고 반했습니다!::우리 아이들이 좋아 해요::직원분들이 매우매우 친절하십니다 ! 맛있어요 ! 지점이 많은 곳이 아니라 소중한 곳입니다 !::패티 추가, 염도 및 소스 조절, 양파 굽기 여부 및 토핑 가감 등 다양한 선택을 할 수 있어 좋았습니다. 아울러 직원들이 친절해 더욱 기분 좋은 방문이 되었습니다.::매장 깨끗하고 음식도 맛있습니다  테이블 위생 최고에요::굿::삼성역점보다 맛있습니다::아이들이 젤 좋아하는 햄버거 ??  친절하십니다::좋아요::햄버거 맛있습니다::치즈버거 양이 많습니다 감자튀김도 알맞게 튀겨져 있습니다::버거 속이 알차네요 맛이 너무 자극적이지 않아서 좋아요::남편과 자주 같이 먹어요::순삭~버거~~^^::맛있어요  감튀는 식어도 바삭 그 자체::Good::맛있어요::친절해요::굿::ㄱㅅ::굿::굿::굿::맛있어요!::맛있어요~~::더블 치즈버거 맛있어요. 감자튀김에 별다른 시즈닝이 없고 얇아서 더 좋아요 ?????? 그리고 올라가는 양파를 구운 양파로 요청드려서 먹어봤는데 치즈의 녹진한 맛이랑 어우러져서 맛있오용.::포장해서 먹어봤는데 너무 맛있어요ㅠㅠ 직원분들도 바쁘신 와중에 친절하게 응대해주셔서 감사했습니다. 다음에 또 먹을게요ㅎㅎ::오랜만에 갔는데 키오스크가 생겼군요!! 양파 옵션 선택하기 편해서 좋네요. 여기의 제일 큰 장점은 매장 안에 손 씻을 데가 있어요! 수제버거다보니 손에 뭔가 많이 묻는데 바로 씻을수 있어서 너무 좋습니다 매장도 깔끔하구요 오늘 계셨던 여성직원님 너무 친절하고 밝으셔서 저까지 기분 좋아졌어요 정말 감사합니다!! 바로 구워져서 나오니 따뜻해서 더 맛있었어요 잘 먹었습니다::굿::양파가 좀 맵긴 했는데 맛있었어요 근데…. 왜 딸아이도 저도 배가 아플까요ㅠ 버거때문은 아니길::버거는 당연히 맛있고, 점심시간에 일하는 여자 분 정말정말 친절하세요. 점심시간이라 정말 바쁘실텐데, 친절함을 잃지 않으셔서 햄버거가 더 맛있게 느껴지는 거 같아요.",더블치즈버거 세트:8900::치즈버거 세트:7500,4.58
으리으리,그외,,9,::회식 및 뒷풀이로 좋아요. 닭볶음탕 시킨후 볶음밥은 꼭!::굿::으리으리 닭볶음탕 무난하게 맛있어요! 우동사리 추가해서 먹고 마지막에 볶음밥까지 해먹었어요. 근데 볶음밥 주문하고 한참을 기다려도 안오시길래 하염없이 기다렸는데 그냥 까먹으신거였더라구요 ㅠㅠ... 맛있어서 괜찮았어요…::맛있어요!!!!!::조금 짰는데 닭도리탕이랑 볶음밥 너무맛있어요!!::매장 깨끗 하고 직원 짱::맛있어요!!,닭도리탕:27000::순두부찌개:9000,4.6
고기마을 찌개나라,한식,"찌개,전골",13,닭볶음탕 좋아요::맛나고 좋아요..::줄서서 먹는 식당... 맛나요..::항상 배불리 잘먹고 갑니당??::굿::맛있어요.::김치찌개 넘 맛있ㅇ어여엉::제육 맛집!::음식도 맛있고 넘 친절해요::좋아요::친절하시구맛잇궁::괜찮아요::진짜 맛있고 친절하시고 그냥 한번 가보세요,부대찌개:8000::김치찌개:7000::된장찌개:7000,4.38
아영이네,한식,덮밥,46,"결론적으로... 아쉬움이 많이 남는곳입니다. 1. 양 : 같은 3인분을 시켜도 옆 테이블과 양이 다릅니다. 2. 맛 : 콩불(콩나물과 양념맛이 따로 노는 느낌), 계란탕 안주시고, 마지막에 밥 다먹고 계란후라이 하나주심(참고 : 6명) 3. 서비스 : 만두전골 3인분, 콩불 3인분을 시켜먹었고, 최초에 만두전골 육수 리필이안된다고 하셨는데, 옆자리에서 요청하자 해주시길래 우리도 해달라고했더니 서빙하는 여자분이 짜증난다는 얼굴표정으로 퉁명스럽게 서비스함 그냥 기분이 나쁘면 이야기하셨으면 좋겠어요 100% 내돈내산인데 다신 가지않을 것 같습니다.::서비스로 떡꼬치양념으로 나오는 떡볶이인지 허튼 맛잇네요.그것만 먹으러 오고 싶어요?? 그외 식사는 그닥ㅠ닭갈비정식은 간장 닭꼬치맛 납니다~닭갈비 절대 네버 전혀 아예 아니에요ㅠㅠㅠ간장 닭꼬치볶음인듯ㅠㅠㅠ::만두전골 강추::굿::맛있어요::굿::맛나유::음식이 약간 기름졌던 거 같아요.::진짜 맛있어요!! 닭고기 요리를 찾아서 좀 돌아다녔는데 닭갈비정식 진짜 맛있네요! 학교 앞 식당이라 종종 왔었던 추억이 있는 곳입니다 번창하셨으면 좋겠네요::맛있어요::양도 많고 서비스도 주셔서 좋은데 양념이 너무 짜요..::맛있어요::졸업 후 오랜만에 먹었는데 맛있었어요!::맛있어요~::처음인데 맛나게 먹엇습니다! 다음에는 순두부찌개를 먹겟어요!!!!::돼지김치찌개에 쫄면이 들어가서 너무 맛있었고 순두부도 너무 맛있었어요!::숭실대앞 작은 분식당.오랜만에 학교앞 식당에서 밥 먹으면서 옛생각 나던.ㅎ 떡볶이는 밥 반찬으반찬으로 나옵니다.::항상 갑니다 맛있어요::쫄면 순두부 맛있어요 근처 파는 곳 잘 없는데.....그래서 좋아하는 곳입니다::가기 좋아요::맛있어요::맛있어염::음식들이 퓨전맛으로 누구나 즐길수 있어요!!::굳::수제돈까스 맛있게 먹었습니다!!::좋아요::좋아요::굿::가성비가 좋아요::굿::굿::맛있어요::맛있어요::맛이 ㅍ?ㅑㅇ범해요::요즘 어딜가나 밥값이 너무 비싼데 이런 곳이 아직 있다니.....ㅠㅠ♡ 심지어 맛있어요... 자극적이지 않고.. 정말 잘 먹고 갑니당 번창하세요~!!::맛있어요::맛있어요::맛있게 먹었어요::굿::맛있는 설렁탕이었습니다.::맛집!::떡볶이 존맛::쫄면순두부...자극적이지않은 신박한맛::숭입맛집 아영이네!불고기덮밥을먹었는데 약간짜요 그냥저냥먹을만해요",제육덮밥:6000::간장삼겹덮밥:6000,4.26
우마이,일식,카레,23,최근 방문일,수제돈까스카레:8000,4.53
찌개대학부대과,한식,"찌개,전골",37,"굿::숭실대 정보과학관 아래 부대찌개 라면사리 무제한 건더기는 살짝 부실쓰 가성비 만족::맛있어요::굿::광마니 영상을 보고 찾아왔어요~ 떡강정은 소스가 달콤하네요~ 저는 감튀가 너무 맛있었어요ㅎㅎ 사실 반찬도 무한리필 이라는 매리트가 있어서 왔고, 만족합니다!! 손님 없을때 갔더니 사장님이 저희에게 잘 챙겨주시려고 말도 걸어주시고, 맛은 있냐면서 많이드시라고 챙겨주셨어요~ 저렴한 가격에 장사하셔서 물가가 올라서 가격인상을 해야될것 같다고 말해주셨는데 가격 인상되어도 또 방문하겠습니다!! 다음엔 홍! 으로 먹어볼게요~~::친절합니다::굿::편해요::굿::굿::굿::굿::굿::굿::라면 사리, 밥, 반찬이 무한리필::굳::좋아요::좋아요::굿::부대찌개 건더기가 거의 없어요::반찬이 해쉬브라운, 떡강정, 김치가 나오는데 제 취향저격입니다! 부대찌개도 엄청 맛있습니다!::반찬이 해쉬브라운, 떡강정, 김치가 나오는데 제 취향저격입니다! 부대찌개도 엄청 맛있습니다!::두루치기 존맛::굿::조아요::친절해요::떡볶이존맛::좋아요::굿::맛있어요::소소::가성비좋고 떡볶이 맛있음::솔직히 부대찌개는 그냥 그런데 밑반찬이 좋아요::굿::굿::학교앞 적당한 맛::좋아요",홍 부대찌개:7000::해물부대찌개:9000,4.53
밀플랜비 숭실대점,그외,부리또,314,"매번 단품으로만 먹다가 감튀 세트 시켜봤는데 너무 짜지 않고 맛있어요!! 커팅해달라고 사전에 요청드렸더니 그대로 해주셨어요 !::넘 맛있습니다.::????::사장님도 친절하시고 맛도 좋아요~~::????::처음먹어봤는데 맛있어요 ㅎㅎ 조금이라도 밥이 먹고 싶어 라이스로 먹었는데 다음엔 추천해주신 치킨감자 먹어봐야겠어요 :)::저렴한 길거리 음식으로써 부리또를 좋아하신다면 한번 가볼만함. 간단하게 한끼 때우기 좋음::맨날 허겁지겁 먹어서 사진이 없네….  아무튼 맛있어요!!!!!!::치킨감자에 할라피뇨 추가해서 먹으면 맛있어요ㅎㅎ 콜라 무료 곧 종료해서 아쉽ㅜㅜ 종료하는 김에 다른 메뉴도 먹어보려고요::브리또는 말모.. 핫도그 첨 먹어보는데 맛있더라구요ㅠㅜㅠ::몇년만에 먹어보는데 여전히 맛있네요::요기 브리또 ㅉ6맛잇어요♡!! 소고기 라이스에 파인애플 추가하면 최고????::항상 맛있고 사장님 친절합니다~::낙성대사는데 가끔 부리또땡기면 버스타고가서 포장해와요~ 너무 맛잇어요 ㅎㅎ::사워크림 들어가서 짱맛!!! 치즈 프레젤도??::밀플랜비 자체는 맛있습니다 ! 멀리서도 찾아갑니다 (차로 15분거리) !  하지만 알바하시는 분들 … 손님이 들어와도, 배달기사분들이 픽업하러 오셔서 먼저 인사를 해도 대꾸도 없으시네요 ,,, ㅜ !  인간적인 부분에서 아쉬운 곳입니다 !::간단하게 한끼로 먹기 좋음::오래오래 밀플랜비 해주세요 ㅎㅎㅎㅎ::부리또 먹고 싶을때 가기 좋아요::닭고기가 조금 비렸고 가성비는 잘 모르겠어요. 토마토소스 좋아하는 사람은 좋아할 것 같아요!::너무너무 맛있어요 ㅠ 감자도 바삭하고 푸짐하게 들어가서 좋아요!::치킨은 별로지만 부리또는 맛잇어요::맛있어요 매운맛 잘드시면 매운맛추천??????????::친절하고 맛있고 좋아요::저 또왔어여..ㅋㅋㅋㅋㅋㅋㅋ늘 친절하고 감사해요 일주일에 2-3번 가는데 방학전에 자주갈게요::밀플랜비 마이쪙 히히 사장님 넘 친절하심ㅎㅎ::숭실대 부리또 맛집!::치킨감자 부리또 맛있어요!::정말 좋아요ㅋㅋㅋ너무 자주가요..::맛있어요::너무 맛있었음::좋아요",치킨라이스부리또:5500::치킨감자부리또:5500,4.66
화탄 숯불 우대갈비,한식,소고기구이,57,"숭실대입구역 맛집이네요~~^^
우대갈비 사장님이 짚불에 직접구어 저렇게 먹기좋게 나오니 좋았어용~~
반찬 하나하나 정성들여서 만들어 주셔 다 맛있네요~~ 사진이 없는데 비빔국수도 강추해요~~~된장찌개두요~~화탄 화이팅!!!!!!!!::친구가 다녀오고나서 극찬하길래 저도 가보았는데 세상에나..너무맛있어서 너무분위기 있어서 놀랬어요
친구가 찐으로 극찬할만하네요~~~저단골찜이요
사장님 오래오래 가게운영해주세요 저 평생 먹고싶어요~~::입안에 짚불향과 숯불향이 은은하게 나아 좋았고 반찬도 다양해서 좋았습니댜!!??????::텐동은 역시 살짝 느끼하긴 하네요ㅋㅋㅋ
그래도 튀김 다 맛있고 소스도 적당해서 좋았어요! 같이 나오는 단무지 락교가 느끼함도 잡아줘서 맛있게 먹었습니당::냠::잘 먹었습니다::명란아보카도덮밥먹었어요!::메뉴도 다양하고 맛있어요 좋네요^^::텐동이 품절이라 덮밥먹었는데 맛있습니다.단, 양 많으신분들은 배고플수 있다는 ㅋㅋ::굿::굿::굿::친절해요::굿::명란 아보카도 덮밥 굳굳! 반숙달걀 마요네즈 명란 김 아보카도 조합이 잘 어우러졌습니당 양이 많아서 다 못먹고 남겼네요ㅋㅋㅋ::분위기 너무 좋아요 맛있습니다 :)::굿굿~넘 맛나요::오마카세는 연어 빼고, 다 오래된 냄새가 났습니다.

(참치) 먹고 입덧하는줄….

그냥 덮밥드세요 먹을만해요. 양은 적어요::너무 비싸요… 음식 퀄리티에비해..::조아요::생연어아보카도덮밥??????::생연어덮밥 진짜 너무너무 맛있어요..
특히 밥에 간이 되어있는데 그게 포인트 ㅎㅎ
연어도 싱싱하고 양도 많아서 혼밥하기 좋아요~::스패셜텐동 아나고튀김이 맛있네요
튀김종류 많아 좀 느끼하긴하지만 테러맥주랑 같이먹음 괜찮아요~맛있게 먹었어요::연어 사시미 먹었는데 정말 맛있게 잘 먹었네요 또 오고 싶어요:)::8900원 텐동 먹었는데, 간장계란밥에 새우튀김2개있는 거라고 보시면 돼요. 영양가 너무없어서 아쉬웠음 그냥 간장밥 ..탄수화물 먹은느낌. 양도 너무 적어요.. 김튀김 꽈리고추튀김 등 도 잇지만 전반적으로는 그냥 간장계란밥 맛..+튀김::생연어간장새우덮밥::맛있어요! 하지만 서빙직원이 친절하지는 않습니다ㅠ::존맛탱입니다~~~~::굿::맛있게잘먹었어용 깔끔??::맛있어요~~::좀 비싼것같아요 ㅠ..ㅠ::좋아요::가격에비해서 양이 적어요ㅠ
맛도 딱히 특별하진 않아요 차슈소바는 시판소스를 겁나들이부은맛...? 되게 짜고 자극적이예요
구운 연어덮밥은 맛있는 편이나 무순이랑 양파가 너무 적었어요 장국부터 뭔가 맛이 애매...했는데 전체적으로 가격에 비해서 아쉽다고 느꼈어요
인테리어에만 너무 과하게 힘을주신듯::좀 비싸긴해요::굳",짚불 생 우대갈비(250g):29900::짚불 제주 돈마호크(250g):26900,4.54
스톤504 스테이크하우스,양식,"스테이크,파스타,피자",355,"스파게티는 이집에서만 먹겠다는 아이와 저도 좋아하는집이라 피자 스파게티는 이집에서만 먹게돼요 오늘은 매운거 못먹는 아이는 브리타치즈를 선택하고 전 매운해산물을 픽. 배고팠던지라 싹싹 먹었네요 오늘도 맛있게 잘 먹었어요 늘 마시는 모히또애플그린에이드는 필수에요~::안심스테이크가 부드럽고 맛있었어요. 파스타도 무난했는데 그런 것치고 가격이 꽤 나가는 편이라..전체적으로 가성비가 좋다는 느낌은 아닙니다.::원룸촌에 갑자기 있는 모임장소로 제격인 곳 !::친절해요

잘 먹었습니다::갈때마다 주문하는 모히또그린애플에이드 이건정말맛있어요 다른곳에서는 못마실정도로 저의 원픽 투움바파스타는 울애는 면이 굵어서 싫다네요 전 크림소스가 넘맛있었어요::점심시간이 짧아서 급하게 먹느라 에이드 사진밖에 못찍었네요ㅠㅜ 그래도 파스타가 정말 맛있구 그릇이나 플레이팅이 정말 예뻤어요! 특별한 날 오기 좋은 곳이에요??::죠아요::음료와 음식이 모두 맛있어요.::학생들에겐 스테이크가 가격이 좀돼 자주먹지는 못하겠지만 ㅠㅜ맛있네여 ㅋ파스타 피자 맛있어여 후식으로주신 케익도 맛나네여::맛있어요~~::마르게리따피자 올라온사진이랑 다르고 너무 맛이 없네요~ 나오자마자먹았는데도 식어있는 피자에 위에는 올리브유를 뿌렸는지 기름이 둥둥떠있있고 고기는 괜찮다고 하는데 전 별로더라고요.. 사람들은 많은데 이유를 모르겠네요 피자맛 개선좀 하세요::굿::굳::굿::동네에서 젤 맛있는집 마늘바게뜨빵 올만에 넘 맛있게잘 먹었구 모히또그린애플에이드는 여기거가 제일맛있어서 갈때마다 꼭 시키는것.::가성비있고 맛있어요! 특히 스테이크가 이 가격에 놀랄만한 퀄리티입니다
적당한 굽기에 육즙이 가득해서 기억에 남는 식사였러요::스트레스받아
혼밥한곳~
음식맛나구 친절해서 좋았어요::매장이 세련되고 음식이 맛있어요~~::스파게티, 고르곤졸라, 감바스 맛집입니다!::ㅎㅎㅎ굿굿ㅎ좋아여~~::ㅎㅎ맛있는데 쫌비싸네요ㅎㅎㅎㅎ굿굿~~~~::피자도우가 쫄깃해서 맛있어요
파스타는 크림향이 진해서 맛있어요::인테리어 너무 예쁘고 음식도 정말 맛있어요!!::좋아요::맛있고 좋아요::정말 다 맛있어요 파스타도 맛있구.. 요리에 진심이신거 같아요::전화 응대, 매니저분들 응대 모두모두 너무 감사했습니다.::좋아요::부채살200g 2인세트 59.900원 ??
분위기 좋고 음식도 맛있었어요??::스테이크가 맛나요.::맛있어요. 숭실대 앞 핫플.::오랜만에 아이와 다녀왔어요 이 동네에서 제일 맛집!!! 스파게티와 피자는 매번 이집에서 먹어요 아이도 이 집에오면 많이 맛있게 잘 먹으니 자주오게되요::맛있어요!!! 새우투움바 고르곤졸라 둘다 강추합니다. 안쪽에 프라이빗한 느낌의 단체석도 있는거 같고 스테이크부터 양식까지 메뉴가 다양해서 뭘먹어야 할지 고민 한참 했던거 빼고 다 좋았습니다~????

아 그리고 일요일 저녁에 이 주변은 닫혀있는 곳이 많았는데 열려있어서 더 좋았습니다~
",알리오 올리오 스파게티니:10900::까르보나라 스파게티니:12900::고르곤졸라피자:14900,4.4
철탄 함바그 텐동,일식,텐동,50,"굿::매장이 청결해요::음식이 맛있어요::굿::텐동 너무나도 맛있어요::직원분들 친절하시고 식당도 깨끗했어요.
하이볼 맛있었고 생연어 덮밥은 가격에 비해 연어 양이나 두께가 아쉽다는 생각이 들었습니다. 물가 상승 때문일까요 ㅠ::양이 적어서 아쉬웠어요.. 매장은 이뿌네요!::덮밥이 맛있어서 동료와 가끔 방문하곤 해요::새우텐동 맛있어요!::명란구이아보카도 덮밥 넘 맛있었고
텐동도 느끼하지않고 맛있었어요!::고급진분위기::음식 오래걸리는데 멋있어요::비싸고 맛없음. 최악입니다.. 나오자마자 바로 뒤집었는데 저렇게 쌔까맣게 탔네요.
음식도 늦게나오고.. 같이 나온 장국도 맹맛..
먹을수록 화가나는 점심시간이었네요.::굿::숭실 갓포텐이 옆으로 이전했어요~::맛있습니다!::친절합니다::맛있고 분의기도 좋아요. 친절하구요.::음식은 맛있는데요.
물컵냄새가 너무 심해서 놀랬어요.,ㅜㅜ::괜찮네용::전에 주던 계란 반숙장 맛있었는데 그건 빠졋지만 맛은 여전히 맛잇어요::맛있어요::맛있는뎅 대학생이 가기에는 좀 비싸::동경야네에서 갓포탄으로 바꼈네요
맛있는데 매장인테리어가 이상해졌어요ㅋㅋㅋ::생연어 덮밥은 괜찮았아요
근데 새우튀김이 너무 튀김이 두껍고 튀김소스도 없어서 느끼해서 반도 못먹었어요::맛있고 가격 적당한데 양이 조금 적네요::맛있어요::비싼편..::정말 맛은있지만 비싸고 양이 부족한 느낌!?
연어는 양이 진짜 많긴 했는데 밥이 적어서 그런지 포만감이 덜함. 그래도 맛나요. 학생들에겐 부담되는 가격일듯?::대학가 앞치고는 비싼데 그값정도는 한다 요새 음식점 평균가와 평균맛. 타코야키도 주고 생연어 부들부들하니 좋지만 뱃살부위가 별로 없었음::적당한 가격, 적당한양, 깔끔한 한끼하기 좋아욤::비싼데 맛은 그냥 그렇고 양은 매우 적습니다.
서비스는 불친절한 편입니다.
제가 어지간하면 가게 사장님 때문에라도 이런 비평은 안 남기는데.... 이건 좀...::생각도 안하고 먹었는데 맛있었어요!",아나고텐동:16900::철탄 텐동:9900::에비텐동:13900,4.34
초밥이야기 숭실대본점,일식,초밥,108,"점심메뉴 5월부터는 알밥정식 없고 메밀정식이라 메밀정식 2인 주문, 메밀정식 1만1천원에 맛있었어요~::좋아요::초심을 잃어가는게 아닌가 걱정됩니다.

초밥이야기가 처음 생겼을 때부터 꾸준히 이용하고 있는 사람입니다. 첫 오픈 때 사장님이 친절히 응대해주시고 푸짐하고 신선한 초밥을 맛있게 먹었던 기억이 아직도 생생합니다. 그러나 갈수록 초심을 잃어가는 것 같아 아쉬운 마음이 듭니다. 인플레이션 시대에 가성비라고 부르기에는 아쉬운 가격이 되어버렸고, 오늘 먹은 초밥도 제가 먹었던 초밥 중에 가장 최악이었습니다. 흰살 생선에서 비린내가 거슬릴 정도로 나서 이걸 먹어야 하나 말아야 하나 한참을 고민하다가 입에 넣었습니다. 응대도 갈수록 성의없어지고, 고객응대도 대충대충하는 것 같아요. 작년에 계시던 아주머니가 그립습니다.::굿~~::황새치불초밥 맛있어용!!::아무리 가성비 좋아도 이거는 안될것 같습니다.::회가 많았습니다 양념도 맛있었어요 근데
밥이 며칠전에 지은건지 누린내도 나고 너무 떡밥이었어요 한번 얼었다가 녹아서 밥알이 끈적한게 좀 불쾌함은 있었습니다::가성비 좋은 초밥이야기. 친절합니다.::맛있어요~::친절하고 맛있어요::구성이 좋았어요::여기 초밥 진짜 맛있어요
숭실대에 식사할 곳이 많이 없는데 숭실대역 가면 여기 꼭 가요??::우연히 이끌려 간 곳인데, 직원분도 친절하시고 점심특선 메뉴 구성과 맛, 가격 모두 기대 이상이었어요. 초밥은 물론이고 우동면발, 국물, 샐러드 드레싱 하나하나 다 맛있고 정성과 진심이 느껴졌어요. 만원의 '찐' 행복이었습니다. 더 번창하시길요~~??::맛있어요 ㅎㅎ 굿굿::점심세트 먹기 좋아요!::조아요 조아요 ㅎㅎ::참치초밥, 꽃등심불초밥, 뚝배기 김치우동 먹었어요. 초밥 시키면 각각 우동 같이 나오는 거 알려주셨으면 좋았을텐데ㅠㅠㅋㅋ 아무 말씀 안하셔서 우동만 세그릇 먹었네요ㅠㅠㅠ 아쉬웠습니다.. 맛은 참치초밥이 제일 먹을만하고요 꽃등심은 맛 없어요. 맛있다 맛없다가 아니라 없을 무에 무맛입니다! 고기가 씹는 느낌 외엔 고기 맛이 안나고 양념이 너무 강해서 짜요ㅠㅠ 김치우동도 짜고 기본으로 나오는 우동도 짜고.. 9시 넘어서 가서 그런지 몰라도 ㅠ 우동 국물 쫄여진 거에 신경 더 써주시면 좋을 거 같습니다..ㅠㅠ::음...그..그냥그래요..나쁘진않지만 퀄대비 가격이 싸다고 보기 어렵고 그냥 딱 그가격..? 그래도 분위기좋고 친절함..::특선초밥 포장해서 갔는데 싸구려 메뉴로 채워논 구성 아니라서 너무 좋았어요 굳뜨::초밥도 맛잇고 콘치즈가 미쳤어요::일반/ 특선초밥 주문했는데 샐러드, 콘치즈, 우동 함께 나옵니다::자주가는초밥집^^ 맛있어요~~::맛있어욥::굿::굿::숭실대 근처 초밥집! 가성비 갑이죠. 맛있고 푸짐합니다. 런치 메뉴도 좋고요.::점심 특선 좋아요~::구성도 알차고 가성비도 좋고 맛있어요
재방문 합니다::맛있게 잘 먹었어요~아이들도 먹을수 있는 메뉴가::굿::굿::맛있어요!::좋아요.::캘리포니아롤 가격도 저렴데
서비스로 콘치즈 나와서 당황...모지하는데
캘리포니아롤이 심지어 맛있음 ^^
암튼 서비스로 우동 국물도 주시고
혼밥해서 챙겨 주신건지 몬지 모르겠지만 감사히 먹고 왔습니다. 재방문은 필수인 집!!::좋아요::굿::good",특선초밥(12ps):17000::싱싱회덮밥:10000,4.36
커피나무 숭실대점,"카페,디저트",커피,111,"공간이 편안하고 창밖이 좋아요. 비오는 날 앉아있기 좋을 듯 ??::굿::매장에 사람이 많아서인지 비와서인지 쿰쿰한 냄새가 났어요 그거빼고 직원분도 친절하시고 커피맛도 저렴하구 좋았어용::리모델링 하고 분위기가 더 아늑해진것같아요??
커피나무는 조용하고 집중이 잘 돼서 좋아요::1일 1커피나무...??::애정하는 커피나무! 단골인거 알아봐주시고 항상 뭐 하나씩 챙겨주세요ㅠㅠ 감사해요 ??::행복하세요::오랜만에 지나가다가 생각나서 왔는데 리모델링 했더라구요?? 전보다 더 분위기 있고 작업하기 좋아 보여요?? 주말에 한번 다시 올까 생각이 드네욧::이번에 인테리어 다시 한거 넘 완내스 에요!!!????
커피 음료 다 맛있어서 지인들이랑 자주 갑니당~
사장님 단골인거 알아봐주시구 ,, 지인이 주신 디저트도 맛 보라며 주신거 넘 감동??
이래서 어디 못 가여 제갘ㅋㅋㅋㅋ
앞으로도 번창 하시길 바래용~~~~??????::가게 리뉴얼 되었다고 해서 오랜만에 왔는데 이전보다 훨씬 이쁘네요ㅎㅅㅎ??
종종 커피 마시러 올게용ㅎ??::리뉴얼 후 방문했는데 분위기가 더 차분해지고 깔끔해져서 좋았어요! 새로 생긴 메뉴인 미숫가루+샷추가 시도해봤는데 고소하고 맛있었습니다! 식사대용으로도 괜찮을것같아요 추천이요!::딸과::조용해서 공부하기도 좋고 대화하기도 좋아용 오랜만에 들렸는데 새해라고 사탕 하나씩 가져가시라면서 주시고 사장님의 세심함이 돋보이는 카페에요!??::조용해요::가구와 조명 같은 인테리어가 아늑하면서도 세련된 느낌이고, 도로변에 위치한 카페들과는 달리 조용하면서도 적당히 활기가 있는 분위기라 친구와 이야기를 나누기도, 혼자 업무나 독서를 하기에도 좋아서 자주 가고 있어요. 직원분들의 친절함과 음료의 맛도 너무나 마음에 들어요.::집중하기 좋아
자주 방문합니다
케이크 종류도 많습니다::free candy라니 냉큼 집어왔어요 ㅎㅎ 방문할때마다 카페에 귀여운 소품이 하나씩 추가되어있네요 ㅋ.ㅋ 그리고 연유라떼 정말 맛있어요…????::사장님이 너무 친절하셔서 좋아요>< 커피나무 연유라떼 최애입니당??::커피향이 향긋해서 한 모금씩 마실 때마다 기분이 좋아지네요. 케이크와도 잘 어울리구요. 매일 아침 계속 마시고 싶은 맛!
최애 커피가 바뀌었어요.
늘 감사합니다.::커피 맛있구 친젏::커피 맛있어요!!????::요즘 톨 사이즈 커피 다 1샷만 넣어주는 곳이 많아서 샷 추가를 자주 했는데 여기는 기본이 투샷이라 너무 좋았어요?? 가게 조명도 이쁘구 케이크도 짱 많아요??::케이크 종류가 많아서 좋았고 매장 인테리어가 귀엽고 깔끔했어요!!?? 생각보다 조용해서 집중하기 좋았어요~::커피가 맛있어서 자주 가는 카페입니다.
크리스마스 분위기에 맞게 카페 곳곳에 감각적인 소품들이 배치되어있어서 구경하는 재미가 있었어요
인테리어도 너무 예쁘고 커피도 맛있고 다 좋아요
그리고 사장님이 항상 친절하셔서 방문할 때마다 기분이 좋아져요::어떤 점이 좋은지 다섯개만 선택할 수 있는게 아쉬워요!
인테리어도 너무 이쁘고 카페 들어갔는데 맛있는 냄새가 나서 순간적으로 행복한 기분이 들더라구요~!
냄새만큼 커피랑 케이크랑 너무 잘 어울리고 너무너무 맛있었어요!!! ㅠㅠㅠ
제가 최근에 마셔본 커피 중에 제일 맛있었습니다.
학교 근처에 이런곳이 있어서 좋네요ㅎㅎ 자주 올 것 같아요~ㅎㅎ
그리고 카페 사장님이 너무 친절하시고 밝으셔서 에너지 많이 얻고 갑니다!
이때까지 다녀봤던 카페들이랑 차원이 다른 친절함!!
추천하는 카페입니다 강력추천!::이런거 잘 안남기는데 커피도 맛있고 케익도 맛있었어요.
바스크치즈케익 진심 추천합니다.??
사장님도 너무 친절하셨어요.
::단체로 가서 종류별로 많이 시켜서 번거로웠을텐데도 계속 웃으시면서 하나하나 예쁘게 만들어주셨어여 심지어 다 맛있네요 ㅎㅎ 라떼에 하트도 너무 이뻐서 추운 겨울날 마음까지 따듯해지네요 선배 소개로 방문한 카페인데 가격 , 커피 , 친절한 직원까지 너무 만족스런 방문이였습니다 ㅎㅎ::항상 갈때마다 친절하게 인사해주시고?? 직원분들이 다 친절하신것같아요?? 음료도 빨리 나와서 좋아요 ㅎㅎ 크리스마스라 그런지 산타랑 눈사람이 너무 귀여워요~::사장님이 정말 친절하시고 음료도 맛있어요??
자주들를게요!????::평소 커피 마시러 가던 곳인데 저번에 케이크를 맛있게 먹은 기억이 있어 이번엔 홀케이크 사러 방문했어요! 제가 결정 잘 못하구 이거저거 질문 많이 했는데도 사장님께서 친절하게 답변해주셔서 너무 감사했어요,,,,, 기념일이라고하니 서비스로 예쁜초까지 챙겨주시고 감동 두배였습니다 ???? 추천해주신 케이크도 너무 맛있어서 같이 먹은 친구들도 다 좋아하고 맛있게 잘 먹었습니댜?? 이번 크리스마스 케익 예쁘게 잘 나왔다구 하셨는데 또 구매하러가겠습니당????::커피 크레마가 살아있고 케이크도 너무 맛있어요 귀여운 산타도 달려있어요ㅠㅠ 안락하고 포근해서 이번 겨울 제 아지트 카페가 될것같아요:)::위치도 좋구 대학생들은 왔다갔다하면 다니기편한거같아요! 커피도 맛있고 무엇보다 케이크맛집!! 항상친절하셔서 기분 좋아요! 번창하세요~::지인을 만나기로 해서 처음간 카페인데 처음 들어가자마자 아늑한 분위기와 깔끔한 내부가 마음에 들었습니당 아.아 와 핫.아를 주문하고 자리를 잡아서 앉자마자 진동벨이 울려서 또잉? 벌써 나왔다고? 하면서 커피를 받으러 갔어요,,ㅋㅋ 사장님과 직원분들 손이 가위손 마냥 빨랐어요 ,,ㅋㅌ 마치 할리갈리를 하면 전부 올인하고 질 것 같달까,, 그런데 커피 맛 무엇,,????? 너무 맛있어서 사장님께 너무 맛있다고 어떤 원두를 사용하시는지 등 여쭈어봤더니 너무 친절하게 답해주시고, 커피와 관련없는 사람이 들었을때도 전문적인 지식을 느낄 수 있었습니당 ㄷㄷ ?? 그리고 정말정말 친절하시게도 집에 갈려는데 비가 와서 사장님이 우산을 빌려주셨어요 ㅠㅠ????? 하 내일도 가야겠어요??????::카페테라스에 있는 눈사람 넘 기여워용~~~!!!??
카페는 늘 포근포근 해서 조쿠여??
근대,, 사장님 진짜 왜케 ㅇㅣ쁘신져????????::아메리카노 풍미가 깔끔하니 맛있고 가격도 착해요::Good::맛있어요::굿::좋아요~~::",아메리카노:2500::카페라떼:4300,4.44
파라다이스,한식,"볶음밥,돌솥",39,"굿::순두부찌개와 돌솥떡볶이 먹음. 숭실대 앞이라 숭실대학생들이 많이 오는 듯. 기본 반찬은 김치와 어묵볶음이 있었는데 가격 기준으로 맛을 생각해야할 듯.
학생들에게는 이 가격에 이정도로 한끼를 해결할 수 있다는 것이 다행이겠구나라는 생각이 들었다.::싸고 맛있어요 콜라까지 먹어도 8500원이라니… 그것도 그건데 ㄹㅇ 맛있음 싹싹 긁어먹음::완전 맛있습니다! 너무 맛있어요::처음 와봤는데 가격도 완전 싸고 메뉴도 특이한 게 많아요! 완전 맛있어요!!::제계치 투 미쳤어요 양도 많고 메뉴도 다양해서 다같이 오면 나눠먹기도 좋아요::양이 적어요::고소한 치즈오므라이스 또 먹으러 왔어요~ 숭실대 근처 식당들 중 최애 메뉴!::맛있어요::가게가 쪼꼬매서 뭐지 했는데 내부 은근 넓고 메뉴도 많고 반찬도 맛있어요::좋::사장님 너무 친절하시고 맛있어용ㅇ~::양도 많고 정말 친절하세요 ???? 가성비 좋아요 ~!::굿::좋아여::굿::좋아요::굿::좋아요::혼밥하기좋음::여기 오면 항상 먹는 치즈오므라이스♡♡ 계란, 케찹, 쫄깃한 치즈 조합이 완벽해서 제 최애 메뉴에요::굿::제육비빔밥 정말 맛있음::늘 이곳에서 먹습니다. 신메뉴 ""제육 비빔밥"" 정말 맛있어요::굿굿::사장님 친절하시고 양도 엄청 많습니다. +맛까지있습니다!!!::사장님 솜씨가 좋으신 것 같아요 반찬도 다양하고 다 맛있어요::가성비 짱이고 양도 많고 맛있어요!! 사장님 친절하심??::제계치 먹었는데 정말 너무짜요
밥 안가리고 잘먹는편인데 너무짜서 먹다가 그냥 나왔네요::좋아요::맛있어요!::1주일에 꼭 한번씩은 제계치를 먹어야 합니다??????::제계치 너무 맛있어요 ♥::제계치 넘모 맛있고????????::맛있어요::#숭실대입구밥집 #파라다이스식당 #숭실대파라다이스 #숭실대분식집
손님 별로 없는 (그 시간대 우리가 두번째 손님이었음) 시간에 갔었고 백순두부찌개와 치즈돌솥 주문함. 나오는데 5분~10분 정도 걸렸는데 백순두부 찌개가 아닌 순두부찌개로 나왔음. 우리가 백순두부찌개로 주문했다고 하니까 자기는 순두부찌개라고 들었다고 사과한마디 없음. 이후 조치 없음. 홀 직원분 이어폰 끼고 주문받으시는데 어떻게 제대로 들으실까 싶다. 궁금하고 네이버 평이 좋은 식당이라 와봤지만 다시는 오고싶지 않은 곳. 5000원짜리 밥에 많은 것을 바라진 않았지만 장사를 하고싶은건가 생각 드는 서비스::맛있어요 다음에
또 갈게요",제계치:7500::김치치즈볶음밥:7500::김치돌솥:5000,4.5
이레김밥,분식,김밥,27,"김밥이 맛있어요::굿::음식이 맛있어요::보통입니다::여사장님 매번 친절하시고 김밥도 엄청 빨리 싸주셔요! 항상 감사히 먹고있습니다!::맛있어요::깔끔하게 만드시더라구요~::맛있어요::좋아요::굳::맛나요::굳::좋아요::조아::괜찮아요::밥을 고슬하게
참 잘했어요::김밥 맛있어요~~!!::옛날 골목에서 팔 것 같은 맛과 비주얼!
무난하니 다 맛있었어요!
사장님께서 식사로 부침개 드시는데,
미안하다고 하나 주셔서 부침개까지
배터지게 먹고 왔네요.::저렴한 가격에 맛과 서비스 만족합니다만 김밥을 미리 포장해서 판매하시더라구요ㅠ::맛있어요~::가성비 굿입니다::맛있어요
푸짐해요
집밥맛^^::굿::좋아요 라면 맛있어요::김밥 맛있어요. 속 푸짐해서 먹고나면 든든하네요. 참치, 멸치 김밥 추천해요. 멸치 김밥 매콤해서 참치랑 궁합 굿",이레김밥:2500::참치김밥:3500,4.42
샤로스톤,양식,"스테이크,파스타,피자",46,"가성비끝판왕...도대체 남는 장사는 하시는 건지!!! 맛도 좋고요. 끝까지 따뜻하게 지글지글 먹을 수 있는 스테이크 맛집입니다. 진짜 최고!!! 사장님 1인 운영가게라 주문 조리 서빙 다 하시거든요. 그래도 차분차분 잘 나오니까 조금 기다려주는 센스!!!::굿::굿::제발 부산에도 하나 내 주세요…. 제발료…::슬로우푸드지만 허브향이 기억나네요ㅎㅎ 맛있었어요::안심, 살치, 꽃갈비 시켰는데
세가지 모두 맛있었어요??
친절한 사장님의 서비스와
매장분위기, 음악까지 모두 다 좋았어요????
각자 취향에 맞게 구워먹을 수 있게 나와서 좋았고,
사이즈업해서 양이 엄청 많았는데도
하나도 안남기고 다 먹고왔어요~

안심이 있다면 꼭! 시키세요 꼭 ^^
재방문의사 만프로 있어요??::음식이 맛있고 사장님이 친절해요::매장 아담하고 사장님이 혼자 해주셔서 음식 나오는데 시간이 꽤 걸리지만 맛있고 고기 질 좋고 가성비도 챙길수있는곳! 직접 구우면서 먹는갓도 재밌써용::굿::굿::굿::갈비살 진짜 맛있습니다-! 메뉴 선택 잘 못하시겠다 하면 갈비살 드세요 부드럽고 맛나요!!! 안심은 담백한 맛 좋아하시는 분 추천! 두 테이블만 있었는데 일하시는 분이 여유가 없으신지 질문에 답을 하거나 응대하는데 친절하지는 않으셨어요.. 전반적으로 고기 퀄리티와 SNS 인증을 통한 서비스 에이드가 좋았어요 :)::매장이 넓지는 않지만 철판에 고기를 구워먹는다는 점~~
스테이크를 맛볼수 있다는 점이 좋아요.
하우스와인도 5천원이라는 저렴한 가격에 맛볼수 있었고 은근 배불러요
고기에 간이 안되어 있어서 소스에 찍어먹기 좋아요
생각보다는... 쑈쑈 했어요
갈비살 추천드려요. 단품보다는 세트메뉴가 좋을듯요~~^^::고기양에 비해 저렴하고
맛도 좋았어요~
근데 조금만 더 친절하면 좋을듯요.
불친절하다는게 아니라 넘 무뚝뚝했어요.
같이 간 동료들도 다 남 무섭다고 ㅠ::간단하게 스테이크 먹기 좋은거같아요 ??::가성비 갠차나요::담백하고 부담스럽지 않은 맛입니다::가성비 좋고 부드러운 고기 맛나게 먹었어요!!::갈비살.등심.잘먹었어요.::맛있어요!!::갈비살 1,000원 올라 17,000원::진짜 스테이크집하면 여기밖에 생각안나요 가격도 맛도 최고?????::썰어먹기가 힘들었지만 맛은 있었습니다. 등심은 약간 힘줄이 있어서 갈비살이나 안심같이 부드러운 고기가 더 맛있습니다::갈비살 16000원::맛있어요! 오픈시간 딱 맞춰가서 제대로 먹었네요!::맛있게 잘 먹었습니다!!::꽃갈비살 맛있어요::가성비 좋고 맛있어요. 친절한건 잘모르겠어요 많이 바빠보이세요::맛있어요::안심진짜 맛있어요!!! 몇번의 도전끝에 드디어 안심맛봤네요 매쉬포테이토와 곁드리니 더 좋았어요::샤로수길 보다 넓어서 좋아요 !::부채살 맛있어요♡고기먹고싶을때마다 갈래요::굿::가게가 좁아 테이블도 작지만 고기는 언제나 맛있어요 그러고보니 양도 적긴함...::좋아요::",스테이크:15000,4.55
뚝배기스파게티,양식,"스파게티,파스타",70,"굿::맛있어요
뚝배기파스타 굳굳::좋아요::좋아요::친절합니다::굿::좋아요::양도 많고 사장님도 친절하시고 좋아요::숭실대에서 후배 데려가서 밥사주기 좋은 식당 1위~~ 저 1학년때보다 해물양이 좀 줄어 아쉽지만… 너무 까마득히 옛날이기 때문에 어쩔 수 없겠죠…? ㅋㅋ 암튼 마늘빵 시켜서 같이먹기 약속~~::굳::젊은 여사장님친절해요::맛있어요 뜨거운게 딱 제스타일이에요::완전 오랜만에 갔는데 이제 후추맛 안나서 좋아요::맛있어요::굿::친절해요::맛있어요::굿::맛있어요~::맛있어요::이민을 가서도 생각날 맛::ㅈㅇㅇ::굿이에요~^^::너무 맛있는곳....^^::굳::치즈듬뿍 가성비 스파게티 맛있어요!::ㅈㅇㅇ::좋아요::굿::굿::굿::굿굿::굿",토마토소스/치즈오븐:7000::토마트소스/할라피뇨:7000::크림소스/새우:8000,4.25
eea caf?,"카페,디저트",,130,"너무 맛있어요 !! 얼음까지 맛있네요 ~::넘포근하고
맛있어요 ??::대학가에 스페셜티커피라니 ??가격좋고 아인슈페너 존맛탱입니다::최애 카페에 최애 디저트 빨미까레!!
사댱님 미친 퀄리티 뭔가요…??::대학가 치고는 가격이 있는 편..::믿고마시는 eea::원샷.. !
수제청에이드 굿::숭실대 조용한 카페~::요기 아인슈페너 넘 맛있어여 !!! 저 단골이에요.. ??::
오늘은 커피에 브라우니를
뇸뇸 ㅠ 맛나요
학교근처라그런지 학기중엔 학생들이 북적북적해요::오랜만에 왔는데 롱런하는데에는 이유가 있네요. 동네에서 보기 힘든 퀄리티의 카페입니다.::나쁘지 않아요::카페가 대학로근처에서 멀지도않고 포근하고 너무좋아요::아인슈페너 짱
알바학생도 굿::커피맛이 퀄리티가 높고 버터바랑 너무 잘어울리네요 ????::성수동 사는데 우연히 상도동 갈때 갔었는데,너무 맛있어서 일부러 와서 먹은 곳이에요 너무 맛있어요ㅠㅠ!::오랜만에 옛날살던동네왔는데 커피맛집이생겼네요 디저트랑 바닐라라떼 정말 최고봉이에요~~ ????::커피를 좀 진하게 마시는 편인데, 투샷이 기본인데 제 입맛에는 좀 연하게 느껴졌어요~ 그래도 커피맛은 괜찮았어요::젊은사장님
센스 ????::커피랑디저트진짜 맛있어요::내 최애 카페 서비스도 최고??????::넘기엽고 맛나는집??::카페도 너무 예쁘고 분위기가 좋아요! 커피랑 티라미수도 정말 맛있읍니다ㅜㅜ::분위기가 좋고
아몬드더블크림라떼가 맛있습니다::카페 내부 인테리어 넘 맘에 들어요^^
사장님 친절도는 짱! ㄱㅅ ㄱㅅ::사장님도 친절하시고 가게도 예뻐요 :)
커피랑 빨미까레 맛있습니다:)::깔끔합니다::커피랑 치즈케이크 시켰는데 둘다 너무 맛있네요 ??::커피가 정말 맛있고 카페 분위기도 너무 좋아요!!!::분위기도 좋고 음료도 너무 맛있어요~~
앞으로 자주갈 것 같아용 ㅎㅎ::너티크림라떼 찐맛집이네여?? 추천추천::사장님이 친절하시고 커피, 디저트 다 맛있어요. 부담 없이 편하게 찾을수있는 동네 카페에요??추천합니다!!!!::원두 자체가 너무 고소하고 완전 제스탈임! 재방문 의사 100프로!!!::2년 전부터 애정하는 곳이에요! 커피도 맛있고 디저트도 넘넘 맛있어요ㅋㅋ 사장님도 친절하시고ㅎㅎㅎ::커피도 맛있고 디저트도 아쥬베리굳?????
맨날 먹고 시퍼요~!::오랜만에 방문한 eea ;)
너무 배 부른 상태로 가서 오늘은 음료만??~
여전히 맛나네욤??
담엔 배고픈 상태로 갈꺼에요!!!!::저는 가는곳만 가는편이라 자주감
선물할겸 대량으로 주문해서 가져왔는데 넘맛있네요::일요일휴무인데 불이켜져있길래 올라갔어요 빵을 구우시더라구요 빵냄새 진짜 쥑임
감사하게도 테카는 된다하셔서 커피진짜 맛있었어요::말렌카케이크 도전해봤는데 티라미슈 먹을껄 그랬나봐요 .. ㅎ 음료도 그냥 무난무난했어요",크로플:7500::아인슈페너 화이트:5800,4.63
아리랑컵밥 숭실대점,한식,,20,"(…….)::사장님 정말 친절하시고 가성비도 좋아서 자주 갑니다??::맛있게 잘 먹었습니다::굿::잘먹었습니다::맛있어요~^^::아이가 치킨마요덮밥 맛있다고 엄치 척이네요~::엄청 빨리 나와요::보통입니다.::잘먹었습니다 !::빠르게 준비해주셔서 맛있게 잘 먹었습니다.::맛있어요
아이가 자꾸 사달래요
최애메뉴입니다^^::좋아요::좋아요::좋아요::좋아요::두부참치 맛있어요~~~~~::깔끔해요 두부삼겹 추천!!::학생들 먹기 좋은 가격, 사장님 친절하세요
근데 제육볶음밥은 좀 달았습니다",두부추컵밥:4300::제육컵밥:5000::에그참치컵밥:5500,4.58
고렝,그외,,120,"??인생팟타이집??
숭실대 근처 살때 자주 갔는데 이사 가고도 찾아갈 정도의 맛집입니다ㅠㅠ 대학 근처라 가성비 쩔고 팟타이 재료도 선택 가넝해요! 저는 무조건 닭고기 매운맛으로 먹는데 강추입니다ㅠㅠ 쌀국수도 맛있고 식전 빵도 맛있고 물병도 예뻐서 물도 맛있는 수준이요;; 걍 이보다 더 좋을 수는 없음…!??::맛있어요::숭실대 정보과학관 뒤 분짜 맛집 분짜는 면사리 추가가 안되서 아쉬웠음::오랜만에 갔는데 쌀국수 양이 눈에 띄게 줄었어요ㅠㅠ 아쉽네요ㅠㅠ 양이 전체적으로 너무 적어요ㅠㅠ 그리구 오늘 처음 그린커리 먹어봤는데 맛있었어요~ 다만 우동면 같든 옵션 사항이 있으면 더 좋을 듯 해요:)::맛있어요::좋아요::현지는 안가봤지만 현지맛같아요
맛있어요 특별함::왕갈비쌀국수맛나요::해산물미고랭 면 추가에 우육면입니다.
우육면은 정말 빨리 나오는데 면에 간이 조금 덜 밴 느낌? 이어서 살짝 아쉬웠어요.
미고랭은 처음 먹어보는데 계란면이어서 담백한데 기름져서 맛있었어요ㅎㅎ::음식은 굿!
사장님 친절은 쏘쏘::맛있고 분위기 좋습니다!::맛있어요::♡::좋아요::음식은 맛있었어요??
그런데 식당 입장 후 테이블 정리 요청 드렸는데 5분 동안 어떠한 조치도 취하시지 않았어요…??
주문 받기, 음식 서빙, 계산 등등 노란색 티 입은 알바생만 하시더라구요.. 초록색 티 입으신 사장님처럼 보이는 분은 물만 따르시고 아무것도 안하셔서 알바생이 불쌍해보였어요..
알바생을 추가적으로 고용하시든, 다른 분이 도와주시면 좋을 거 같네요.. 너무 바빠 보여 눈치 보여서 휴지나 물 요청도 편하게 못했네요 ㅠ::후기가 없는 분짜를 한번 먹어봤어요.
왜 없는지 알 것 같아요.
고기는 너무 짜고 야채 양은 적고.
고기도 그 냉면집에서 서비스로 주는 그 싸구려 고기......
정말 만원도 아까운 식사였어요.
다른 음식들은 평이 좋던데 분짜는 정말 너무 아니였네요...::이거좋습니다::카오팟 맛있어요!!::이국적인 맛 좋아요.::직원들 계속 휴대폰만 봅니다::볶음밥이 맛있습니다
식전에 코코넛 시럽을 두른
튀긴 꽃빵도 제공됩니다::분위기도 좋고 음식도 맛있어요ㅜㅜ::쌀국수 맛있어요~ 스프링롤도 맛있었어요::숙주 따로줘서 너무 좋아요
전에 비해 양이 많이 적어진느낌 .... 아쉽네요..::맛있어요::나시고랭 팟타이 맛있어요ㅎㅎ::고렝 음식 맛있습니다. 다양한 아시아 음식을 파는데 전부 다 먹어본 것은 아니지만, 먹어본 것들은 다 맛있었어요! 플레이팅도 예쁘고 좋습니다!::음식이 아주 맛있고 가격도 괜찮습니다. 식기도 예쁘고 물병도 예쁜 병에 나옵니다. 물컵이 종이컵이 아닌 점도 참 마음에 듭니다.::하,,,진짜 여기 안오면 바보
이거 보고도 안오면 바보
존맛턍 멋집임 ㅠ::좋아요::인테리어랑 공간 넓어서 좋아요 음식 나오는 속도도 빠르구요
근데 직원인지 알바생인지? 너무 불친절해요
사람 말하는데 반응도 없고 음식도 턱턱 내려놓고 쌀국수 내려놓다가 쏟았는데도 그냥 가네요 닦을것 좀 달라고 하니까 대답도 안하고 쳐다보다가 와서 스윽 대충 닦고요
메뉴 하나 더 시키려다가 빨리 나오고 싶어서 그냥 나왔어요
하나라도 친절하게 해줬으면 이러진 않을텐데 너무 기분 안좋게 나와서 남깁니다
",쇠고기 쌀국수:9500::나시고렝:10000::팟타이:10000,4.4
배달짜글 oh짜글 상도점,한식,짜글이,7,괜찮아요::맛있어요::맛있게 먹었어요-!::매번 넘 맛있게 먹고 있어요??::진짜.. 존맛탱!!!!!!!!!!!!!!!!!!!!!!!!!!::귯::좋아요,짜글이만 세트:12900,4.45
고추동제면소,일식,우동,109,"자가제면이어서 면발이 부드럽고 쫄깃하다. 국물맛이 인위적이지 않고 양념장이 있어 살짝 얼큰한 맛이다. 삼각주먹밥도 맛있다.오래된 동네 맛집.::우동 먹고 떡볶이는 비조리 포장해왔어요.
사장님과 직원분들 친절하시고 음식 너무너무 맛있어요.
고춧가루 좋은거 쓰셔서 그런가 양념맛이 일품이고
주먹밥 강추.::맛있어요::넘 맛있어요 또 오께요::면이 엄청::진짜 생각날 때마다 방문하게 되는 맛집입니다 ㅠ 떡볶이랑 볶음밥도 너무 맛있고 우동이랑 주먹밥도 진짜 맛있고… 그냥 모든 메뉴가 다 맛있어요 사장님 번창하세요::변함없는 맛 또 올게요 ㅎㅎ::맛있어요. 그리고 맛있어요.
떡볶이만 먹으러 갔는데 야끼만두 맛있어서 추가
주먹밥 궁금해서 추가.
주먹밥 꼭 드세요. 존맛탱
이쯤 되니까 날치알볶음밥 궁금..
꼭 드세요. 주먹밥처럼 맛있어요.
여기는 면을 직접 뽑는대요. 다른 테이블 다 우동 먹으니 궁금해서 어묵 고추동도 먹었네요.
빈그릇 인증샷을 못 찍은게 실수..
꼭 다시가서 못 먹은 메뉴도 먹을래요::오랫동안 푹 끓인 육수에 자가제면으로 먹은 맛있는 우동::굿::으앙 너무 맛있어요ㅠㅜㅠ친절하시고 약간 우동+국수 사이? 해장하기 넘 좋은 궁물::맛있어요 또 올게요~~::이 집은 냉우동 맛집, 주먹밥 맛집 이전에
떡볶이 맛집입니다!!::진짜… 최고입니다::주먹밥 먹으로 와서 우동 곁들여먹는곳.. 다만 3,500원이라는 가격은 좀 아쉬워요ㅠ::맛있어요??::아 이런곳이 있나 들어갔네요 면이 부드럽고 맛이있네요::우동도 주먹밥도 넘넘 맛있어요??
국물은 얼큰하고 많이 맵진 않아서 좋아요.
추운날 생각나는 맛집!!::넘 맛있어요 또 올게요~!!::자가제면이라 면발이 끝내주고요
고춧가루도 국내산 경북 봉화산이래요
그래서 은은한 매운 맛이 일품.
사진은 없는데 주먹밥 예술임.
집에서 도보로 갈수 있어서 행복합니다.
번창하시길!!!::살피재 맛집::굿::넘므 맛있어요 또 올게요.::너무 맛나요::겨울엔 고추동! 우동 싹싹 국물까지 야무지게 잘먹었습니다~::말모말모~~또 올게욧::????여기 숭실대 맛집 이라 그래서 갔는데 하,, 숭실대 맛집 아니잖아여,,,;; ??대한민국 맛집?? 이잖아여 완전!!!!!!♥?한국 사람이라면 안 가본 사람 없도록 진짜 널리 알려져야되는 맛집이예요ㅠㅠ특히 ?수제모듬삼각주먹밥? 아직도 안 먹은 싸람 이쒀여,,?? 아 근데 한 번도 안 먹어봤으면 차라리 모르는게 나아여,, ??중독성?? 장난 아니라서 주기적으로 먹어줘야함ㅠ 그리고 즉석떡볶이 첨 머거보는데 하,, 떡볶이까지 맛있다구,,,? 약 6분 정도 센 불에 끓이다가 조금씩 맛보면서 불 줄이고 5분정도 더 끓여주는데 계속 저어줘야 밑에 안 들러붙어여 ㅎ 진짜 먹으면 먹을수록 계속 맛있어짐,,약간 매콤하면서도 깔끔한맛 고추동제면소 사랑해여♥?남자친구 숭실대 다녀줘서 고마워,,,??::쑥갓 양이 좀 많아진 것 같은데 여전히 맛있어요! 지금 같은 날씨에 완전 제격입니다????::넘 맛있어요! 또 올게요::넘 맛있어요!!!!!!!!!!!!!!????::추운 요즘에 딱입니다!!! 저녁 늦게까지 영업해서 좋아용::올한해 젤 마니갔던 식당..
맛있는데 가격도 만만하고! 친구오면 꼭 데려가서 칭찬듣는곳.::또 오께요::우동 면도 얇아서 좋고 국물도 시원해요::냉우동 어묵우동 주먹밥 진쨔존마탱,????
우동 면발이 어디서도 못먹어본 쫄깃탱탱 진짜 인생 우동 맛집인데 가격도 넘나 합리적,,,??
다음엔 떡볶이 먹어볼 거예요!!!!!!!!!
퇴근후 피로가 싸악 풀리는 최고의 맛집입미당!!
꼭 가보세요 !!! 집 앞에 있었으면 맨날 갔습니다 지짜 ㅠㅠㅠㅠㅠㅠㅠㅠ::두번째방문..집과 가까워서 좋고 숭실대입구역에서도 가까워요 고추동..간장베이스가 아닌 고추베이스인게 특색이며 그래서 약간 매울수있습니다. 근데 맛있어요 면도 일반우동과는 다르게 얇습니다..삼각김밥도 맛있으며 담엔 냉우동에 도전할 생각임다::냉우동 넘넘 맛있어요 우동 별로 안좋아하는데 냉우동 먹으러 여기만 갈정도로 맛있어요ㅋㅋㅋ 겨울에도 팔아주셔서 감사합니다::추운데도 언덕 올라가서 먹는 맛집!::굿굿::굿::굿::우왕 주먹밥강추맛맛::뜨끈한 국물 먹고 싶으면 가는 곳 예약은 안돼요. 근처에 우동 맛집 없어서 우동 먹고 싶음 가요~::너무 맛있어요!!!
특히 저 볶음밥!!!
진심 최고에요!!??
자주 갈 거 같아요!::진짜 맛있움!!
2년만에 먹었는데 변함없이 맛있네요ㅎㅎ::굿::완전 맛있어요!! 주먹밥 꼭 드세요::넘 맛있어용",냉우동:9000::고추동:7000::어묵고추동:8000,4.7
